FID;ID;CODIVIA;TITULAR;TIPUSVIA;IMD2015;CARRETERA;long;xi;yi;zi;xf;yf;zf;FID_1;FID_12;FID_12_13
472;620;LP-7041; ; ;1345;LP-7041;7860,7402344;284276;4593860;0;283902;4593540;0;0;1;1
487;620;LP-7041; ; ;1345;LP-7041;7860,7402344;283902;4593540;0;283548;4593180;0;1;2;2
923;620;LP-7041; ; ;1345;LP-7041;7860,7402344;283548;4593180;0;283512;4593150;0;2;990;999
485;620;LP-7041; ; ;1345;LP-7041;7860,7402344;283149;4592940;0;282779;4592620;0;3;4;4
484;620;LP-7041; ; ;1345;LP-7041;7860,7402344;282779;4592620;0;282389;4592330;0;4;5;5
483;620;LP-7041; ; ;1345;LP-7041;7860,7402344;282389;4592330;0;281993;4592070;0;5;6;6
482;620;LP-7041; ; ;1345;LP-7041;7860,7402344;281993;4592070;0;281634;4591720;0;6;7;7
481;620;LP-7041; ; ;1345;LP-7041;7860,7402344;281634;4591720;0;281268;4591390;0;7;8;8
480;620;LP-7041; ; ;1345;LP-7041;7860,7402344;281268;4591390;0;280889;4591090;0;8;9;9
479;620;LP-7041; ; ;1345;LP-7041;7860,7402344;280889;4591090;0;280488;4590830;0;9;10;10
478;620;LP-7041; ; ;1345;LP-7041;7860,7402344;280488;4590830;0;280085;4590580;0;10;11;11
477;620;LP-7041; ; ;1345;LP-7041;7860,7402344;280085;4590580;0;279683;4590330;0;11;12;12
476;620;LP-7041; ; ;1345;LP-7041;7860,7402344;279683;4590330;0;279311;4590020;0;12;13;13
475;620;LP-7041; ; ;1345;LP-7041;7860,7402344;279311;4590020;0;279022;4589570;0;13;14;14
474;620;LP-7041; ; ;1345;LP-7041;7860,7402344;279022;4589570;0;278716;4589140;0;14;15;15
473;620;LP-7041; ; ;1345;LP-7041;7860,7402344;278716;4589140;0;278736;4588670;0;15;16;16
65;425;C-45; ; ;1456;C-45;10585,2001953;286986;4587690;0;286571;4588670;0;17;19;19
67;425;C-45; ; ;1456;C-45;10585,2001953;286571;4588670;0;286606;4589250;0;19;20;20
66;425;C-45; ; ;1456;C-45;10585,2001953;286606;4589250;0;286387;4590290;0;20;22;22
71;425;C-45; ; ;1456;C-45;10585,2001953;286387;4590290;0;286088;4590720;0;22;23;23
70;425;C-45; ; ;1456;C-45;10585,2001953;286088;4590720;0;285811;4591170;0;23;24;24
69;425;C-45; ; ;1456;C-45;10585,2001953;285811;4591170;0;285443;4591460;0;24;25;25
68;425;C-45; ; ;1456;C-45;10585,2001953;285443;4591460;0;285080;4591780;0;25;26;26
77;425;C-45; ; ;1456;C-45;10585,2001953;285080;4591780;0;284775;4592170;0;26;27;27
76;425;C-45; ; ;1456;C-45;10585,2001953;284775;4592170;0;284394;4592450;0;27;28;28
75;425;C-45; ; ;1456;C-45;10585,2001953;284394;4592450;0;284123;4592910;0;28;29;29
74;425;C-45; ; ;1456;C-45;10585,2001953;284123;4592910;0;283733;4593050;0;29;30;30
73;425;C-45; ; ;1456;C-45;10585,2001953;283733;4593050;0;283512;4593150;0;30;990;999
72;425;C-45; ; ;1456;C-45;10585,2001953;283390;4593340;0;283271;4593520;0;31;46;46
83;425;C-45; ; ;1456;C-45;10585,2001953;283158;4593820;0;282824;4594190;0;32;33;33
81;425;C-45; ; ;1456;C-45;10585,2001953;282824;4594190;0;282459;4594510;0;33;34;34
80;425;C-45; ; ;1456;C-45;10585,2001953;282459;4594510;0;282095;4594830;0;34;35;35
79;425;C-45; ; ;1456;C-45;10585,2001953;282095;4594830;0;281759;4595200;0;35;36;36
78;425;C-45; ; ;1456;C-45;10585,2001953;281759;4595200;0;281580;4595700;0;36;37;37
84;425;C-45; ; ;1456;C-45;10585,2001953;281580;4595700;0;281560;4595930;0;37;38;38
667;1722;LV-7045;DipLleida;Tronc;419; ;3289,3000488;279456;4593140;0;279876;4593300;10881,9003906;39;40;40
669;1722;LV-7045;DipLleida;Tronc;419; ;3289,3000488;279876;4593300;10881,9003906;280289;4593480;13435,2001953;40;41;41
668;1722;LV-7045;DipLleida;Tronc;419; ;3289,3000488;280289;4593480;13435,2001953;280713;4593570;14347,9003906;41;42;42
672;1722;LV-7045;DipLleida;Tronc;419; ;3289,3000488;280713;4593570;14347,9003906;280789;4593610;14346;42;52;52
671;1722;LV-7045;DipLleida;Tronc;419; ;3289,3000488;281048;4593920;15997,4003906;281296;4594400;16387,1992188;43;44;44
674;1722;LV-7045;DipLleida;Tronc;419; ;3289,3000488;281296;4594400;16387,1992188;281588;4594840;15127,2998047;44;45;45
673;1722;LV-7045;DipLleida;Tronc;419; ;3289,3000488;281588;4594840;15127,2998047;281819;4595120;14976;45;989;998
82;425;C-45; ; ;1456;C-45;10585,2001953;283271;4593520;0;283158;4593820;0;46;32;32
572;1723;LV-7045a;DipLleida;Tronc;368; ;2694,2700195;283271;4593520;10634;282870;4593570;11834,9003906;46;47;47
577;1723;LV-7045a;DipLleida;Tronc;368; ;2694,2700195;282870;4593570;11834,9003906;282448;4593660;12841,9003906;47;48;48
576;1723;LV-7045a;DipLleida;Tronc;368; ;2694,2700195;282448;4593660;12841,9003906;282029;4593790;14372,0996094;48;49;49
575;1723;LV-7045a;DipLleida;Tronc;368; ;2694,2700195;282029;4593790;14372,0996094;281594;4593860;15603,5;49;50;50
574;1723;LV-7045a;DipLleida;Tronc;368; ;2694,2700195;281594;4593860;15603,5;281157;4593820;15689,9003906;50;51;51
573;1723;LV-7045a;DipLleida;Tronc;368; ;2694,2700195;281157;4593820;15689,9003906;280789;4593610;14346;51;52;52
670;1722;LV-7045;DipLleida;Tronc;419; ;3289,3000488;280789;4593610;14346;281048;4593920;15997,4003906;52;43;43
448;619;LP-7041; ; ;5058;LP-7041;12394,7001953;291290;4603140;0;291066;4602640;0;53;54;54
557;645;N-II; ; ;14070;N-II;9171,7998047;291290;4603140;0;291364;4603170;0;53;193;194
471;619;LP-7041; ; ;5058;LP-7041;12394,7001953;291066;4602640;0;290824;4602150;0;54;55;55
906;619;LP-7041; ; ;5058;LP-7041;12394,7001953;290824;4602150;0;290716;4601990;0;55;980;989
469;619;LP-7041; ; ;5058;LP-7041;12394,7001953;290537;4601700;0;290169;4601400;0;56;57;57
468;619;LP-7041; ; ;5058;LP-7041;12394,7001953;290169;4601400;0;290069;4600830;0;57;58;58
467;619;LP-7041; ; ;5058;LP-7041;12394,7001953;290069;4600830;0;289984;4600320;0;58;59;59
466;619;LP-7041; ; ;5058;LP-7041;12394,7001953;289984;4600320;0;289791;4599810;0;59;60;60
465;619;LP-7041; ; ;5058;LP-7041;12394,7001953;289791;4599810;0;289605;4599280;0;60;61;61
464;619;LP-7041; ; ;5058;LP-7041;12394,7001953;289605;4599280;0;289483;4598720;0;61;62;62
463;619;LP-7041; ; ;5058;LP-7041;12394,7001953;289483;4598720;0;289268;4598210;0;62;63;63
462;619;LP-7041; ; ;5058;LP-7041;12394,7001953;289268;4598210;0;289001;4597780;0;63;64;64
461;619;LP-7041; ; ;5058;LP-7041;12394,7001953;289001;4597780;0;288708;4597410;0;64;65;65
460;619;LP-7041; ; ;5058;LP-7041;12394,7001953;288708;4597410;0;288296;4597190;0;65;66;66
459;619;LP-7041; ; ;5058;LP-7041;12394,7001953;288296;4597190;0;288002;4596780;0;66;67;67
458;619;LP-7041; ; ;5058;LP-7041;12394,7001953;288002;4596780;0;287690;4596380;0;67;68;68
457;619;LP-7041; ; ;5058;LP-7041;12394,7001953;287690;4596380;0;287325;4596080;0;68;69;69
456;619;LP-7041; ; ;5058;LP-7041;12394,7001953;287325;4596080;0;286938;4595800;0;69;70;70
455;619;LP-7041; ; ;5058;LP-7041;12394,7001953;286938;4595800;0;286550;4595530;0;70;71;71
454;619;LP-7041; ; ;5058;LP-7041;12394,7001953;286550;4595530;0;286163;4595250;0;71;72;72
453;619;LP-7041; ; ;5058;LP-7041;12394,7001953;286163;4595250;0;285763;4594990;0;72;73;73
452;619;LP-7041; ; ;5058;LP-7041;12394,7001953;285763;4594990;0;285377;4594700;0;73;74;74
451;619;LP-7041; ; ;5058;LP-7041;12394,7001953;285377;4594700;0;284990;4594410;0;74;75;75
450;619;LP-7041; ; ;5058;LP-7041;12394,7001953;284990;4594410;0;284660;4594030;0;75;76;76
449;619;LP-7041; ; ;5058;LP-7041;12394,7001953;284660;4594030;0;284276;4593860;0;76;0;0
611;821;AP-2; ; ;9331;AP-2;6546,5200195;283867;4598150;0;284295;4598300;0;78;79;79
613;821;AP-2; ; ;9331;AP-2;6546,5200195;284295;4598300;0;284734;4598360;0;79;80;80
612;821;AP-2; ; ;9331;AP-2;6546,5200195;284734;4598360;0;285171;4598440;0;80;81;81
616;821;AP-2; ; ;9331;AP-2;6546,5200195;285171;4598440;0;285591;4598630;0;81;82;82
615;821;AP-2; ; ;9331;AP-2;6546,5200195;285591;4598630;0;286022;4598760;0;82;83;83
614;821;AP-2; ; ;9331;AP-2;6546,5200195;286022;4598760;0;286457;4598860;0;83;84;84
617;821;AP-2; ; ;9331;AP-2;6546,5200195;286457;4598860;0;286866;4599080;0;84;85;85
621;821;AP-2; ; ;9331;AP-2;6546,5200195;286866;4599080;0;287260;4599360;0;85;86;86
620;821;AP-2; ; ;9331;AP-2;6546,5200195;287260;4599360;0;287686;4599510;0;86;87;87
619;821;AP-2; ; ;9331;AP-2;6546,5200195;287686;4599510;0;288115;4599650;0;87;88;88
618;821;AP-2; ; ;9331;AP-2;6546,5200195;288115;4599650;0;288509;4599920;0;88;89;89
623;821;AP-2; ; ;9331;AP-2;6546,5200195;288509;4599920;0;288825;4600330;0;89;90;90
622;821;AP-2; ; ;9331;AP-2;6546,5200195;288825;4600330;0;289083;4600810;0;90;91;91
625;821;AP-2; ; ;9331;AP-2;6546,5200195;289083;4600810;0;289302;4601180;0;91;105;106
256;822;AP-2; ; ;7390;AP-2;12889,5996094;289314;4601190;0;289648;4601540;0;92;106;107
238;882;A-2; ; ;20061;A-2;2224,3100586;286392;4601520;0;286832;4601530;0;93;94;94
242;882;A-2; ; ;20061;A-2;2224,3100586;286832;4601530;0;287259;4601680;0;94;95;95
241;882;A-2; ; ;20061;A-2;2224,3100586;287259;4601680;0;287698;4601680;0;95;96;96
240;882;A-2; ; ;20061;A-2;2224,3100586;287698;4601680;0;288133;4601610;0;96;97;97
239;882;A-2; ; ;20061;A-2;2224,3100586;288133;4601610;0;288537;4601720;0;97;99;99
935;882;A-2; ; ;20061; ;0;288554;4601730;0;289355;4602180;0;98;100;101
2;883;A-2; ; ;20061;A-2;2438,8898926;288537;4601720;0;288554;4601730;0;99;98;98
243;882;A-2; ; ;20061;A-2;2224,3100586;288537;4601720;0;288554;4601730;0;99;98;98
3;883;A-2; ; ;20061;A-2;2438,8898926;289355;4602180;0;289768;4602390;0;100;101;102
4;883;A-2; ; ;20061;A-2;2438,8898926;289768;4602390;0;290192;4602560;0;101;102;103
8;883;A-2; ; ;20061;A-2;2438,8898926;290192;4602560;0;290532;4602770;0;102;191;192
7;883;A-2; ; ;20061;A-2;2438,8898926;290583;4602820;0;290632;4602890;0;103;166;167
311;867;A-2; ; ;20061;A-2;12807;290642;4602910;0;290817;4603430;0;104;167;168
254;822;AP-2; ; ;7390;AP-2;12889,5996094;289302;4601180;0;289314;4601190;0;105;92;92
624;821;AP-2; ; ;9331;AP-2;6546,5200195;289302;4601180;0;289314;4601190;0;105;92;92
255;822;AP-2; ; ;7390;AP-2;12889,5996094;289648;4601540;0;290047;4601800;0;106;107;108
260;822;AP-2; ; ;7390;AP-2;12889,5996094;290047;4601800;0;290474;4601950;0;107;108;109
259;822;AP-2; ; ;7390;AP-2;12889,5996094;290474;4601950;0;290716;4601990;0;108;980;989
258;822;AP-2; ; ;7390;AP-2;12889,5996094;290913;4602000;0;291353;4601970;0;109;110;111
257;822;AP-2; ; ;7390;AP-2;12889,5996094;291353;4601970;0;291788;4601890;0;110;111;112
265;822;AP-2; ; ;7390;AP-2;12889,5996094;291788;4601890;0;292218;4601770;0;111;112;113
264;822;AP-2; ; ;7390;AP-2;12889,5996094;292218;4601770;0;292577;4601680;0;112;981;990
263;822;AP-2; ; ;7390;AP-2;12889,5996094;292649;4601660;0;293083;4601560;0;113;114;115
262;822;AP-2; ; ;7390;AP-2;12889,5996094;293083;4601560;0;293521;4601510;0;114;115;116
261;822;AP-2; ; ;7390;AP-2;12889,5996094;293521;4601510;0;293961;4601500;0;115;116;117
269;822;AP-2; ; ;7390;AP-2;12889,5996094;293961;4601500;0;294401;4601530;0;116;117;118
268;822;AP-2; ; ;7390;AP-2;12889,5996094;294401;4601530;0;294840;4601610;0;117;118;119
267;822;AP-2; ; ;7390;AP-2;12889,5996094;294840;4601610;0;295277;4601690;0;118;119;120
266;822;AP-2; ; ;7390;AP-2;12889,5996094;295277;4601690;0;295716;4601750;0;119;120;121
273;822;AP-2; ; ;7390;AP-2;12889,5996094;295716;4601750;0;296156;4601760;0;120;121;122
272;822;AP-2; ; ;7390;AP-2;12889,5996094;296156;4601760;0;296597;4601770;0;121;122;123
271;822;AP-2; ; ;7390;AP-2;12889,5996094;296597;4601770;0;297036;4601830;0;122;123;124
270;822;AP-2; ; ;7390;AP-2;12889,5996094;297036;4601830;0;297465;4601970;0;123;124;125
275;822;AP-2; ; ;7390;AP-2;12889,5996094;297465;4601970;0;297762;4602120;0;124;982;991
274;822;AP-2; ; ;7390;AP-2;12889,5996094;297875;4602190;0;298263;4602480;0;125;126;127
277;822;AP-2; ; ;7390;AP-2;12889,5996094;298263;4602480;0;298659;4602740;0;126;127;128
276;822;AP-2; ; ;7390;AP-2;12889,5996094;298659;4602740;0;299077;4602930;0;127;128;129
281;822;AP-2; ; ;7390;AP-2;12889,5996094;299077;4602930;0;299510;4603050;0;128;129;130
280;822;AP-2; ; ;7390;AP-2;12889,5996094;299510;4603050;0;299950;4603100;0;129;130;131
279;822;AP-2; ; ;7390;AP-2;12889,5996094;299950;4603100;0;300389;4603070;0;130;131;132
278;822;AP-2; ; ;7390;AP-2;12889,5996094;300389;4603070;0;300823;4602980;0;131;132;133
284;822;AP-2; ; ;7390;AP-2;12889,5996094;300823;4602980;0;301243;4602810;0;132;133;134
283;822;AP-2; ; ;7390;AP-2;12889,5996094;301243;4602810;0;301441;4602710;0;133;314;319
651;823;AP-2; ; ;8277;AP-2;10774,7998047;301456;4602700;0;301826;4602430;0;134;315;320
170;1592;LP-7043;DipLleida;Tronc;3051; ;2538,6699219;292588;4601180;12042;292472;4601610;11270,5;135;136;137
908;1592;LP-7043;DipLleida;Tronc;3051; ;2538,6699219;292472;4601610;11270,5;292577;4601680;11507,2001953;136;981;990
171;1592;LP-7043;DipLleida;Tronc;3051; ;2538,6699219;292566;4602090;11507,2001953;292344;4602590;11876,4003906;137;138;139
174;1592;LP-7043;DipLleida;Tronc;3051; ;2538,6699219;292344;4602590;11876,4003906;292115;4603090;12339,5996094;138;139;140
173;1592;LP-7043;DipLleida;Tronc;3051; ;2538,6699219;292115;4603090;12339,5996094;291958;4603420;12984,9003906;139;140;141
561;645;N-II; ; ;14070;N-II;9171,7998047;291958;4603420;0;292185;4603580;0;140;195;196
320;867;A-2; ; ;20061;A-2;12807;292633;4606390;0;292761;4606610;0;141;174;175
418;610;L-800; ; ;1482;L-800;11179,9003906;292633;4606390;0;292103;4607310;0;141;143;144
419;610;L-800; ; ;1482;L-800;11179,9003906;292103;4607310;0;291782;4607710;0;143;144;145
430;610;L-800; ; ;1482;L-800;11179,9003906;291782;4607710;0;291386;4607930;0;144;145;146
429;610;L-800; ; ;1482;L-800;11179,9003906;291386;4607930;0;290960;4608070;0;145;146;147
428;610;L-800; ; ;1482;L-800;11179,9003906;290960;4608070;0;290534;4608210;0;146;147;148
427;610;L-800; ; ;1482;L-800;11179,9003906;290534;4608210;0;290107;4608340;0;147;148;149
426;610;L-800; ; ;1482;L-800;11179,9003906;290107;4608340;0;289681;4608480;0;148;149;150
425;610;L-800; ; ;1482;L-800;11179,9003906;289681;4608480;0;289254;4608620;0;149;150;151
424;610;L-800; ; ;1482;L-800;11179,9003906;289254;4608620;0;288828;4608750;0;150;151;152
423;610;L-800; ; ;1482;L-800;11179,9003906;288828;4608750;0;288402;4608890;0;151;152;153
422;610;L-800; ; ;1482;L-800;11179,9003906;288402;4608890;0;287975;4609030;0;152;153;154
421;610;L-800; ; ;1482;L-800;11179,9003906;287975;4609030;0;287550;4609170;0;153;154;155
420;610;L-800; ; ;1482;L-800;11179,9003906;287550;4609170;0;287141;4609370;0;154;155;156
439;610;L-800; ; ;1482;L-800;11179,9003906;287141;4609370;0;286719;4609380;0;155;156;157
438;610;L-800; ; ;1482;L-800;11179,9003906;286719;4609380;0;286288;4609440;0;156;157;158
437;610;L-800; ; ;1482;L-800;11179,9003906;286288;4609440;0;285862;4609580;0;157;158;159
436;610;L-800; ; ;1482;L-800;11179,9003906;285862;4609580;0;285437;4609720;0;158;159;160
435;610;L-800; ; ;1482;L-800;11179,9003906;285437;4609720;0;284586;4610000;0;159;161;162
434;610;L-800; ; ;1482;L-800;11179,9003906;284586;4610000;0;284383;4610430;0;161;162;163
433;610;L-800; ; ;1482;L-800;11179,9003906;284383;4610430;0;283989;4610430;0;162;163;164
432;610;L-800; ; ;1482;L-800;11179,9003906;283989;4610430;0;283559;4610310;0;163;164;165
431;610;L-800; ; ;1482;L-800;11179,9003906;283559;4610310;0;283129;4610520;0;164;165;166
6;883;A-2; ; ;20061;A-2;2438,8898926;290632;4602890;0;290642;4602910;0;166;104;105
308;867;A-2; ; ;20061;A-2;12807;290632;4602890;0;290642;4602910;0;166;104;105
310;867;A-2; ; ;20061;A-2;12807;290817;4603430;0;291060;4603920;0;167;168;169
309;867;A-2; ; ;20061;A-2;12807;291060;4603920;0;291393;4604310;0;168;169;170
313;867;A-2; ; ;20061;A-2;12807;291393;4604310;0;291716;4604710;0;169;170;171
312;867;A-2; ; ;20061;A-2;12807;291716;4604710;0;291954;4605210;0;170;171;172
315;867;A-2; ; ;20061;A-2;12807;291954;4605210;0;292231;4605670;0;171;172;173
314;867;A-2; ; ;20061;A-2;12807;292231;4605670;0;292507;4606130;0;172;173;174
319;867;A-2; ; ;20061;A-2;12807;292507;4606130;0;292633;4606390;0;173;141;142
318;867;A-2; ; ;20061;A-2;12807;292761;4606610;0;293077;4607030;0;174;175;176
317;867;A-2; ; ;20061;A-2;12807;293077;4607030;0;293384;4607460;0;175;176;177
316;867;A-2; ; ;20061;A-2;12807;293384;4607460;0;293646;4607930;0;176;177;178
325;867;A-2; ; ;20061;A-2;12807;293646;4607930;0;293903;4608410;0;177;178;179
324;867;A-2; ; ;20061;A-2;12807;293903;4608410;0;294272;4608730;0;178;179;180
323;867;A-2; ; ;20061;A-2;12807;294272;4608730;0;294686;4608940;0;179;180;181
322;867;A-2; ; ;20061;A-2;12807;294686;4608940;0;295075;4609220;0;180;181;182
321;867;A-2; ; ;20061;A-2;12807;295075;4609220;0;295382;4609640;0;181;182;183
328;867;A-2; ; ;20061;A-2;12807;295382;4609640;0;295677;4610080;0;182;183;184
327;867;A-2; ; ;20061;A-2;12807;295677;4610080;0;295950;4610540;0;183;184;185
326;867;A-2; ; ;20061;A-2;12807;295950;4610540;0;296025;4611110;0;184;185;186
332;867;A-2; ; ;20061;A-2;12807;296025;4611110;0;296141;4611680;0;185;186;187
331;867;A-2; ; ;20061;A-2;12807;296141;4611680;0;296260;4612240;0;186;187;188
330;867;A-2; ; ;20061;A-2;12807;296260;4612240;0;296531;4612710;0;187;188;189
329;867;A-2; ; ;20061;A-2;12807;296531;4612710;0;296900;4613030;0;188;189;190
333;867;A-2; ; ;20061;A-2;12807;296900;4613030;0;297281;4613420;0;189;190;191
192;904;A-22; ; ;12411;A-22;10956,9003906;297281;4613420;0;294132;4615190;0;190;889;896
385;868;A-2; ; ;29146;A-2;4026,5800781;297281;4613420;0;297652;4613740;0;190;704;710
5;883;A-2; ; ;20061;A-2;2438,8898926;290532;4602770;0;290583;4602820;0;191;103;104
554;645;N-II; ; ;14070;N-II;9171,7998047;290532;4602770;0;290944;4602980;0;191;192;193
556;645;N-II; ; ;14070;N-II;9171,7998047;290944;4602980;0;291290;4603140;0;192;53;53
555;645;N-II; ; ;14070;N-II;9171,7998047;291364;4603170;0;291792;4603310;0;193;194;195
560;645;N-II; ; ;14070;N-II;9171,7998047;291792;4603310;0;291958;4603420;0;194;140;141
559;645;N-II; ; ;14070;N-II;9171,7998047;292185;4603580;0;292576;4603860;0;195;196;197
558;645;N-II; ; ;14070;N-II;9171,7998047;292576;4603860;0;292939;4604200;0;196;197;198
563;645;N-II; ; ;14070;N-II;9171,7998047;292939;4604200;0;293358;4604090;0;197;198;199
562;645;N-II; ; ;14070;N-II;9171,7998047;293358;4604090;0;294059;4604530;0;198;200;201
567;645;N-II; ; ;14070;N-II;9171,7998047;294059;4604530;0;294456;4604790;0;200;201;202
566;645;N-II; ; ;14070;N-II;9171,7998047;294456;4604790;0;294862;4605030;0;201;202;203
565;645;N-II; ; ;14070;N-II;9171,7998047;294862;4605030;0;295278;4605220;0;202;203;204
564;645;N-II; ; ;14070;N-II;9171,7998047;295278;4605220;0;295705;4605370;0;203;204;205
569;645;N-II; ; ;14070;N-II;9171,7998047;295705;4605370;0;296111;4605600;0;204;205;206
568;645;N-II; ; ;14070;N-II;9171,7998047;296111;4605600;0;296501;4605880;0;205;206;207
570;645;N-II; ; ;14070;N-II;9171,7998047;296501;4605880;0;297271;4606460;0;206;208;209
571;645;N-II; ; ;14070;N-II;9171,7998047;297271;4606460;0;298149;4607140;0;208;209;212
108;883;C-230a;DipLleida;Tronc;615; ;21159,3007812;299039;4604370;14479,9003906;299402;4604700;14262;210;211;215
109;883;C-230a;DipLleida;Tronc;615; ;21159,3007812;299039;4604370;14373,4003906;298486;4604080;14380,2001953;210;214;218
107;883;C-230a;DipLleida;Tronc;615; ;21159,3007812;299402;4604700;14262;299829;4604830;14286,5;211;212;216
106;883;C-230a;DipLleida;Tronc;615; ;21159,3007812;299829;4604830;14286,5;300257;4604950;14424,0996094;212;213;217
105;883;C-230a;DipLleida;Tronc;615; ;21159,3007812;300257;4604950;14424,0996094;300387;4605130;14580;213;528;534
144;883;C-230a;DipLleida;Tronc;615; ;21159,3007812;298486;4604080;14380,2001953;298062;4603940;14293,7998047;214;215;219
143;883;C-230a;DipLleida;Tronc;615; ;21159,3007812;298062;4603940;14293,7998047;297678;4603690;13692,5;215;216;220
142;883;C-230a;DipLleida;Tronc;615; ;21159,3007812;297678;4603690;13692,5;297599;4603320;15203,2001953;216;217;221
141;883;C-230a;DipLleida;Tronc;615; ;21159,3007812;297599;4603320;15203,2001953;297665;4602770;16190,2001953;217;218;222
140;883;C-230a;DipLleida;Tronc;615; ;21159,3007812;297665;4602770;16190,2001953;297750;4602200;16510,3007812;218;219;223
911;883;C-230a;DipLleida;Tronc;615; ;21159,3007812;297750;4602200;16510,3007812;297762;4602120;16023,5;219;982;991
138;883;C-230a;DipLleida;Tronc;615; ;21159,3007812;297838;4601620;16023,5;297893;4601050;17078,9003906;220;221;225
137;883;C-230a;DipLleida;Tronc;615; ;21159,3007812;297893;4601050;17078,9003906;297718;4600630;17997,5;221;983;992
136;883;C-230a;DipLleida;Tronc;615; ;21159,3007812;297680;4600530;17997,5;297468;4600020;19167,9003906;222;223;227
135;883;C-230a;DipLleida;Tronc;615; ;21159,3007812;297468;4600020;19167,9003906;297158;4599660;19871,9003906;223;224;228
134;883;C-230a;DipLleida;Tronc;615; ;21159,3007812;297158;4599660;19871,9003906;296749;4599450;19920,1992188;224;225;229
133;883;C-230a;DipLleida;Tronc;615; ;21159,3007812;296749;4599450;19920,1992188;296901;4598950;19492,3007812;225;226;230
132;883;C-230a;DipLleida;Tronc;615; ;21159,3007812;296901;4598950;19492,3007812;296841;4598380;18042,5996094;226;227;231
131;883;C-230a;DipLleida;Tronc;615; ;21159,3007812;296841;4598380;18042,5996094;296565;4597950;15800,7001953;227;228;232
130;883;C-230a;DipLleida;Tronc;615; ;21159,3007812;296565;4597950;15800,7001953;296469;4597390;15680,5996094;228;229;233
129;883;C-230a;DipLleida;Tronc;615; ;21159,3007812;296469;4597390;15680,5996094;296365;4596850;18744,8007812;229;230;234
128;883;C-230a;DipLleida;Tronc;615; ;21159,3007812;296365;4596850;18744,8007812;296344;4596260;19280,9003906;230;231;235
127;883;C-230a;DipLleida;Tronc;615; ;21159,3007812;296344;4596260;19280,9003906;296326;4595680;19905,5;231;232;236
126;883;C-230a;DipLleida;Tronc;615; ;21159,3007812;296326;4595680;19905,5;296307;4595090;20528,5;232;233;237
124;883;C-230a;DipLleida;Tronc;615; ;21159,3007812;296307;4594510;19135,3007812;296398;4593940;20158,4003906;233;235;239
125;883;C-230a;DipLleida;Tronc;615; ;21159,3007812;296307;4595090;20528,5;296307;4594510;19135,3007812;233;233;237
123;883;C-230a;DipLleida;Tronc;615; ;21159,3007812;296398;4593940;20158,4003906;296611;4593450;20946,8007812;235;236;240
122;883;C-230a;DipLleida;Tronc;615; ;21159,3007812;296611;4593450;20946,8007812;296622;4592960;18679,9003906;236;237;241
121;883;C-230a;DipLleida;Tronc;615; ;21159,3007812;296622;4592960;18679,9003906;296267;4592650;19172,9003906;237;238;242
120;883;C-230a;DipLleida;Tronc;615; ;21159,3007812;296267;4592650;19172,9003906;296017;4592180;20168,5;238;239;243
119;883;C-230a;DipLleida;Tronc;615; ;21159,3007812;296017;4592180;20168,5;296030;4591620;23188,6992188;239;240;244
118;883;C-230a;DipLleida;Tronc;615; ;21159,3007812;296030;4591620;23188,6992188;296050;4591060;25541;240;241;245
117;883;C-230a;DipLleida;Tronc;615; ;21159,3007812;296050;4591060;25541;296137;4590550;28119,1992188;241;242;246
116;883;C-230a;DipLleida;Tronc;615; ;21159,3007812;296137;4590550;28119,1992188;296462;4590170;29681,1992188;242;243;247
115;883;C-230a;DipLleida;Tronc;615; ;21159,3007812;296462;4590170;29681,1992188;296787;4589860;30046,0996094;243;244;248
112;883;C-230a;DipLleida;Tronc;615; ;21159,3007812;296787;4589860;30046,0996094;296824;4589320;31176,9003906;244;245;249
111;883;C-230a;DipLleida;Tronc;615; ;21159,3007812;296824;4589320;31176,9003906;297093;4588870;31918,6992188;245;246;250
114;883;C-230a;DipLleida;Tronc;615; ;21159,3007812;297093;4588870;31918,6992188;297062;4588300;32805,6992188;246;247;251
113;883;C-230a;DipLleida;Tronc;615; ;21159,3007812;297062;4588300;32805,6992188;297030;4587730;34012,1992188;247;248;252
110;883;C-230a;DipLleida;Tronc;615; ;21159,3007812;297030;4587730;34012,1992188;297051;4587610;34290,6992188;248;249;253
728;135;C-12; ; ;5767;C-12;18559,5996094;298064;4587610;0;298237;4588140;0;250;251;255
729;135;C-12; ; ;5767;C-12;18559,5996094;298237;4588140;0;298289;4588720;0;251;252;256
732;135;C-12; ; ;5767;C-12;18559,5996094;298289;4588720;0;298158;4589250;0;252;253;257
731;135;C-12; ; ;5767;C-12;18559,5996094;298158;4589250;0;298063;4589760;0;253;254;258
730;135;C-12; ; ;5767;C-12;18559,5996094;298063;4589760;0;298122;4590290;0;254;255;259
735;135;C-12; ; ;5767;C-12;18559,5996094;298122;4590290;0;297970;4590840;0;255;256;260
734;135;C-12; ; ;5767;C-12;18559,5996094;297970;4590840;0;297980;4591370;0;256;257;261
733;135;C-12; ; ;5767;C-12;18559,5996094;297980;4591370;0;297672;4591780;0;257;258;262
739;135;C-12; ; ;5767;C-12;18559,5996094;297672;4591780;0;297637;4592360;0;258;259;263
738;135;C-12; ; ;5767;C-12;18559,5996094;297637;4592360;0;297737;4592920;0;259;260;264
737;135;C-12; ; ;5767;C-12;18559,5996094;297737;4592920;0;298082;4593280;0;260;261;265
736;135;C-12; ; ;5767;C-12;18559,5996094;298082;4593280;0;298354;4593740;0;261;262;266
741;135;C-12; ; ;5767;C-12;18559,5996094;298354;4593740;0;298652;4594170;0;262;263;267
740;135;C-12; ; ;5767;C-12;18559,5996094;298652;4594170;0;299069;4594360;0;263;264;268
744;135;C-12; ; ;5767;C-12;18559,5996094;299069;4594360;0;299378;4594720;0;264;265;269
743;135;C-12; ; ;5767;C-12;18559,5996094;299378;4594720;0;299717;4595090;0;265;266;270
742;135;C-12; ; ;5767;C-12;18559,5996094;299717;4595090;0;300042;4595490;0;266;267;271
746;135;C-12; ; ;5767;C-12;18559,5996094;300042;4595490;0;300420;4595790;0;267;268;272
745;135;C-12; ; ;5767;C-12;18559,5996094;300420;4595790;0;300744;4596190;0;268;269;273
749;135;C-12; ; ;5767;C-12;18559,5996094;300744;4596190;0;300766;4596220;0;269;309;314
748;135;C-12; ; ;5767;C-12;18559,5996094;300934;4596720;0;301102;4597240;0;270;271;275
752;135;C-12; ; ;5767;C-12;18559,5996094;301102;4597240;0;301325;4597740;0;271;272;276
751;135;C-12; ; ;5767;C-12;18559,5996094;301325;4597740;0;301388;4598320;0;272;273;277
750;135;C-12; ; ;5767;C-12;18559,5996094;301388;4598320;0;301497;4598860;0;273;274;278
756;135;C-12; ; ;5767;C-12;18559,5996094;301497;4598860;0;301904;4599080;0;274;275;279
755;135;C-12; ; ;5767;C-12;18559,5996094;301904;4599080;0;302141;4599530;0;275;276;280
754;135;C-12; ; ;5767;C-12;18559,5996094;302141;4599530;0;302291;4600060;0;276;277;281
753;135;C-12; ; ;5767;C-12;18559,5996094;302291;4600060;0;302583;4600490;0;277;278;282
757;135;C-12; ; ;5767;C-12;18559,5996094;302583;4600490;0;302530;4601070;0;278;279;283
760;135;C-12; ; ;5767;C-12;18559,5996094;302530;4601070;0;302340;4601590;0;279;280;284
759;135;C-12; ; ;5767;C-12;18559,5996094;302340;4601590;0;302144;4602110;0;280;281;285
913;135;C-12; ; ;5767;C-12;18559,5996094;302144;4602110;0;302129;4602160;0;281;984;993
763;135;C-12; ; ;5767;C-12;18559,5996094;301911;4602600;0;301810;4603120;0;282;283;287
762;135;C-12; ; ;5767;C-12;18559,5996094;301810;4603120;0;301668;4603610;0;283;284;288
761;135;C-12; ; ;5767;C-12;18559,5996094;301668;4603610;0;301610;4603630;0;284;536;542
822;1561;L-701;DipLleida;Tronc;384; ;6349,1401367;306172;4587550;36,7719002;305763;4587680;36,4556007;285;286;291
824;1561;L-701;DipLleida;Tronc;384; ;6349,1401367;305763;4587680;36,4556007;305507;4588060;35,1851997;286;287;292
823;1561;L-701;DipLleida;Tronc;384; ;6349,1401367;305507;4588060;35,1851997;305407;4588510;34,1369019;287;288;293
831;1561;L-701;DipLleida;Tronc;384; ;6349,1401367;305407;4588510;34,1369019;305021;4588740;33,5862999;288;289;294
829;1561;L-701;DipLleida;Tronc;384; ;6349,1401367;304657;4588960;34,2345009;304344;4589280;34,2116013;290;291;296
828;1561;L-701;DipLleida;Tronc;384; ;6349,1401367;304344;4589280;34,2116013;303939;4589470;34,2039986;291;292;297
827;1561;L-701;DipLleida;Tronc;384; ;6349,1401367;303939;4589470;34,2039986;303552;4589610;34,5121994;292;293;298
826;1561;L-701;DipLleida;Tronc;384; ;6349,1401367;303552;4589610;34,5121994;303248;4589920;32,2677002;293;294;299
825;1561;L-701;DipLleida;Tronc;384; ;6349,1401367;303248;4589920;32,2677002;303329;4590470;30,5884991;294;295;300
834;1561;L-701;DipLleida;Tronc;384; ;6349,1401367;303329;4590470;30,5884991;303000;4590820;28,8239002;295;296;301
833;1561;L-701;DipLleida;Tronc;384; ;6349,1401367;303000;4590820;28,8239002;302702;4591240;27,7383003;296;297;302
832;1561;L-701;DipLleida;Tronc;384; ;6349,1401367;302702;4591240;27,7383003;302498;4591530;26,9589996;297;298;303
335;1560;L-701;DipLleida;Tronc;194; ;5248,5498047;302498;4591530;26,9589996;302184;4591930;25,8801994;298;300;305
339;1560;L-701;DipLleida;Tronc;194; ;5248,5498047;302184;4591930;25,8801994;301913;4592390;25,1949997;300;301;306
338;1560;L-701;DipLleida;Tronc;194; ;5248,5498047;301913;4592390;25,1949997;301669;4592870;24,3031998;301;302;307
337;1560;L-701;DipLleida;Tronc;194; ;5248,5498047;301669;4592870;24,3031998;301656;4593420;23,7052994;302;303;308
336;1560;L-701;DipLleida;Tronc;194; ;5248,5498047;301656;4593420;23,7052994;301662;4593990;23,0219002;303;304;309
342;1560;L-701;DipLleida;Tronc;194; ;5248,5498047;301662;4593990;23,0219002;301403;4594440;21,9885998;304;305;310
341;1560;L-701;DipLleida;Tronc;194; ;5248,5498047;301403;4594440;21,9885998;301129;4594850;21,3591003;305;306;311
340;1560;L-701;DipLleida;Tronc;194; ;5248,5498047;301129;4594850;21,3591003;300973;4595380;20,8535004;306;307;312
344;1560;L-701;DipLleida;Tronc;194; ;5248,5498047;300973;4595380;20,8535004;300907;4595950;20,0177994;307;308;313
343;1560;L-701;DipLleida;Tronc;194; ;5248,5498047;300907;4595950;20,0177994;300766;4596220;16321,7001953;308;309;314
747;135;C-12; ; ;5767;C-12;18559,5996094;300766;4596220;0;300934;4596720;0;309;270;274
228;1713;LV-7003;DipLleida;Tronc;107; ;1623,1999512;299024;4599680;21446;298613;4599880;19598,8007812;310;311;316
231;1713;LV-7003;DipLleida;Tronc;107; ;1623,1999512;298613;4599880;19598,8007812;298301;4600270;19565,9003906;311;312;317
230;1713;LV-7003;DipLleida;Tronc;107; ;1623,1999512;298301;4600270;19565,9003906;297899;4600490;18138;312;313;318
229;1713;LV-7003;DipLleida;Tronc;107; ;1623,1999512;297899;4600490;18138;297718;4600630;17798;313;983;992
282;822;AP-2; ; ;7390;AP-2;12889,5996094;301441;4602710;0;301456;4602700;0;314;134;135
627;823;AP-2; ; ;8277;AP-2;10774,7998047;301441;4602710;0;301456;4602700;0;314;134;135
650;823;AP-2; ; ;8277;AP-2;10774,7998047;301826;4602430;0;302129;4602160;0;315;984;993
633;823;AP-2; ; ;8277;AP-2;10774,7998047;302188;4602100;0;302573;4601830;0;316;317;322
637;823;AP-2; ; ;8277;AP-2;10774,7998047;302573;4601830;0;302989;4601650;0;317;318;323
636;823;AP-2; ; ;8277;AP-2;10774,7998047;302989;4601650;0;303401;4601450;0;318;319;324
635;823;AP-2; ; ;8277;AP-2;10774,7998047;303401;4601450;0;303795;4601200;0;319;320;325
634;823;AP-2; ; ;8277;AP-2;10774,7998047;303795;4601200;0;304224;4601080;0;320;321;326
641;823;AP-2; ; ;8277;AP-2;10774,7998047;304224;4601080;0;304663;4601120;0;321;322;327
640;823;AP-2; ; ;8277;AP-2;10774,7998047;304663;4601120;0;305096;4601240;0;322;323;328
639;823;AP-2; ; ;8277;AP-2;10774,7998047;305096;4601240;0;305536;4601260;0;323;324;329
638;823;AP-2; ; ;8277;AP-2;10774,7998047;305536;4601260;0;305974;4601320;0;324;325;330
645;823;AP-2; ; ;8277;AP-2;10774,7998047;305974;4601320;0;306401;4601470;0;325;326;331
644;823;AP-2; ; ;8277;AP-2;10774,7998047;306401;4601470;0;306834;4601590;0;326;327;332
643;823;AP-2; ; ;8277;AP-2;10774,7998047;306834;4601590;0;307274;4601600;0;327;328;333
642;823;AP-2; ; ;8277;AP-2;10774,7998047;307274;4601600;0;307580;4601560;0;328;985;994
649;823;AP-2; ; ;8277;AP-2;10774,7998047;307709;4601520;0;308125;4601340;0;329;330;335
648;823;AP-2; ; ;8277;AP-2;10774,7998047;308125;4601340;0;308505;4601050;0;330;331;336
647;823;AP-2; ; ;8277;AP-2;10774,7998047;308505;4601050;0;308833;4600670;0;331;332;337
646;823;AP-2; ; ;8277;AP-2;10774,7998047;308833;4600670;0;309162;4600290;0;332;333;338
628;823;AP-2; ; ;8277;AP-2;10774,7998047;309162;4600290;0;309532;4599980;0;333;334;339
632;823;AP-2; ; ;8277;AP-2;10774,7998047;309532;4599980;0;309931;4599740;0;334;335;340
631;823;AP-2; ; ;8277;AP-2;10774,7998047;309931;4599740;0;310339;4599520;0;335;336;341
630;823;AP-2; ; ;8277;AP-2;10774,7998047;310339;4599520;0;310730;4599260;0;336;337;342
629;823;AP-2; ; ;8277;AP-2;10774,7998047;310730;4599260;0;310824;4599180;0;337;338;343
12;824;AP-2; ; ;8277;AP-2;8705,2001953;310824;4599180;0;311171;4598830;0;338;418;423
857;1716;LV-7021;DipLleida;Tronc;121; ;9952,7001953;306516;4594310;29,7254009;306371;4594820;28,9869995;339;340;345
859;1716;LV-7021;DipLleida;Tronc;121; ;9952,7001953;306371;4594820;28,9869995;306070;4595240;28,9309998;340;341;346
858;1716;LV-7021;DipLleida;Tronc;121; ;9952,7001953;306070;4595240;28,9309998;305867;4595740;28,0081005;341;342;347
862;1716;LV-7021;DipLleida;Tronc;121; ;9952,7001953;305867;4595740;28,0081005;306074;4596210;0;342;343;348
861;1716;LV-7021;DipLleida;Tronc;121; ;9952,7001953;306074;4596210;0;305830;4596600;22,5970001;343;344;349
860;1716;LV-7021;DipLleida;Tronc;121; ;9952,7001953;305830;4596600;22,5970001;305819;4597090;27,2331009;344;345;350
863;1716;LV-7021;DipLleida;Tronc;121; ;9952,7001953;305819;4597090;27,2331009;306200;4597380;26,6334;345;346;351
867;1716;LV-7021;DipLleida;Tronc;121; ;9952,7001953;306200;4597380;26,6334;306568;4597660;26,1798;346;347;352
866;1716;LV-7021;DipLleida;Tronc;121; ;9952,7001953;306568;4597660;26,1798;306691;4598210;25,4694004;347;348;353
865;1716;LV-7021;DipLleida;Tronc;121; ;9952,7001953;306691;4598210;25,4694004;306963;4598670;25,4881001;348;349;354
864;1716;LV-7021;DipLleida;Tronc;121; ;9952,7001953;306963;4598670;25,4881001;307221;4599140;25,5508003;349;350;355
870;1716;LV-7021;DipLleida;Tronc;121; ;9952,7001953;307221;4599140;25,5508003;307321;4599710;25,3024998;350;351;356
869;1716;LV-7021;DipLleida;Tronc;121; ;9952,7001953;307321;4599710;25,3024998;307426;4600270;24,9249001;351;352;357
868;1716;LV-7021;DipLleida;Tronc;121; ;9952,7001953;307426;4600270;24,9249001;307485;4600830;25,0279999;352;353;358
872;1716;LV-7021;DipLleida;Tronc;121; ;9952,7001953;307485;4600830;25,0279999;307535;4601400;25,7348995;353;354;359
915;1716;LV-7021;DipLleida;Tronc;121; ;9952,7001953;307535;4601400;25,7348995;307580;4601560;23594,8007812;354;985;994
874;1716;LV-7021;DipLleida;Tronc;121; ;9952,7001953;307789;4601860;23594,8007812;308129;4602230;21935,6992188;355;356;361
873;1716;LV-7021;DipLleida;Tronc;121; ;9952,7001953;308129;4602230;21935,6992188;308469;4602570;15744,5996094;356;357;362
875;1716;LV-7021;DipLleida;Tronc;121; ;9952,7001953;308469;4602570;15744,5996094;308648;4602710;19589,3007812;357;358;363
217;608;L-702; ; ;6583;L-702;11322,4003906;308648;4602710;0;309013;4602550;0;358;478;483
47;1717;LV-7021;DipLleida;Tronc;94; ;1757,1800537;307073;4593140;0;306850;4593550;26,3400002;359;360;365
50;1717;LV-7021;DipLleida;Tronc;94; ;1757,1800537;306850;4593550;26,3400002;306550;4593940;26,5258007;360;361;366
48;1717;LV-7021;DipLleida;Tronc;94; ;1757,1800537;306550;4594090;28,2556992;306516;4594310;29,7254009;361;339;344
49;1717;LV-7021;DipLleida;Tronc;94; ;1757,1800537;306550;4593940;26,5258007;306550;4594090;28,2556992;361;361;366
588;1715;LV-7011;DipLleida;Tronc;77; ;4513,2900391;313029;4587500;50,7173004;313035;4588040;49,3613014;364;365;370
589;1715;LV-7011;DipLleida;Tronc;77; ;4513,2900391;313035;4588040;49,3613014;312917;4588450;47,1021004;365;366;371
594;1715;LV-7011;DipLleida;Tronc;77; ;4513,2900391;312917;4588450;47,1021004;312546;4588750;45,8200989;366;367;372
593;1715;LV-7011;DipLleida;Tronc;77; ;4513,2900391;312546;4588750;45,8200989;312144;4588940;45,0111008;367;368;373
592;1715;LV-7011;DipLleida;Tronc;77; ;4513,2900391;312144;4588940;45,0111008;311851;4589350;43,6725998;368;369;374
591;1715;LV-7011;DipLleida;Tronc;77; ;4513,2900391;311851;4589350;43,6725998;311715;4589860;41,9954987;369;370;375
590;1715;LV-7011;DipLleida;Tronc;77; ;4513,2900391;311715;4589860;41,9954987;311618;4590340;40,4439011;370;371;376
596;1715;LV-7011;DipLleida;Tronc;77; ;4513,2900391;311618;4590340;40,4439011;311369;4590810;38,7795982;371;372;377
595;1715;LV-7011;DipLleida;Tronc;77; ;4513,2900391;311369;4590810;38,7795982;311121;4590970;36,3800011;372;373;378
714;885;C-233;Generalitat;Tronc;155;C-233;13592,4003906;311121;4590970;36,3800011;311427;4591020;35,3670006;373;384;389
699;885;C-233;Generalitat;Tronc;155;C-233;13592,4003906;309529;4587520;45,3087997;309582;4587740;45,7524986;374;375;380
701;885;C-233;Generalitat;Tronc;155;C-233;13592,4003906;309582;4587740;45,7524986;309902;4588140;43,8340988;375;376;381
700;885;C-233;Generalitat;Tronc;155;C-233;13592,4003906;309902;4588140;43,8340988;309940;4588710;41,1199989;376;377;382
704;885;C-233;Generalitat;Tronc;155;C-233;13592,4003906;309940;4588710;41,1199989;310213;4589150;38,3741989;377;378;383
703;885;C-233;Generalitat;Tronc;155;C-233;13592,4003906;310213;4589150;38,3741989;310331;4589690;35,2602997;378;379;384
702;885;C-233;Generalitat;Tronc;155;C-233;13592,4003906;310331;4589690;35,2602997;310556;4590140;34,8487015;379;380;385
708;885;C-233;Generalitat;Tronc;155;C-233;13592,4003906;310556;4590140;34,8487015;310689;4590470;37,8851013;380;381;386
707;885;C-233;Generalitat;Tronc;155;C-233;13592,4003906;310689;4590470;37,8851013;311076;4590550;35,4244003;381;382;387
706;885;C-233;Generalitat;Tronc;155;C-233;13592,4003906;311076;4590550;35,4244003;311018;4590880;35,9084015;382;383;388
705;885;C-233;Generalitat;Tronc;155;C-233;13592,4003906;311018;4590880;35,9084015;311121;4590970;36,3800011;383;373;378
713;885;C-233;Generalitat;Tronc;155;C-233;13592,4003906;311427;4591020;35,3670006;311744;4591150;33,9059982;384;385;390
712;885;C-233;Generalitat;Tronc;155;C-233;13592,4003906;311744;4591150;33,9059982;311582;4591350;31,4892006;385;386;391
711;885;C-233;Generalitat;Tronc;155;C-233;13592,4003906;311582;4591350;31,4892006;311598;4591470;30,5921001;386;387;392
710;885;C-233;Generalitat;Tronc;155;C-233;13592,4003906;311598;4591470;30,5921001;311305;4591750;344,006012;387;388;393
709;885;C-233;Generalitat;Tronc;155;C-233;13592,4003906;311305;4591750;344,006012;311668;4592090;344,006012;388;389;394
718;885;C-233;Generalitat;Tronc;155;C-233;13592,4003906;311668;4592090;344,006012;311610;4592560;344,006012;389;390;395
717;885;C-233;Generalitat;Tronc;155;C-233;13592,4003906;311610;4592560;344,006012;311495;4592990;344,006012;390;391;396
716;885;C-233;Generalitat;Tronc;155;C-233;13592,4003906;311495;4592990;344,006012;311455;4593490;344,006012;391;392;397
715;885;C-233;Generalitat;Tronc;155;C-233;13592,4003906;311455;4593490;344,006012;311181;4593930;34,8759003;392;393;398
722;885;C-233;Generalitat;Tronc;155;C-233;13592,4003906;311181;4593930;34,8759003;310880;4594340;33,5155983;393;394;399
719;885;C-233;Generalitat;Tronc;155;C-233;13592,4003906;310880;4594340;33,5155983;311156;4594680;35,0359001;394;395;400
721;885;C-233;Generalitat;Tronc;155;C-233;13592,4003906;311156;4594680;35,0359001;311547;4594930;37,6911011;395;396;401
720;885;C-233;Generalitat;Tronc;155;C-233;13592,4003906;311547;4594930;37,6911011;311775;4595410;36,1147995;396;397;402
725;885;C-233;Generalitat;Tronc;155;C-233;13592,4003906;311775;4595410;36,1147995;312116;4595770;33,7560997;397;398;403
724;885;C-233;Generalitat;Tronc;155;C-233;13592,4003906;312116;4595770;33,7560997;312512;4596020;31,1704998;398;399;404
723;885;C-233;Generalitat;Tronc;155;C-233;13592,4003906;312512;4596020;31,1704998;312936;4596180;33,6791;399;400;405
727;885;C-233;Generalitat;Tronc;155;C-233;13592,4003906;312936;4596180;33,6791;313122;4596230;33,7426987;400;402;407
881;263;C-233;Generalitat;Tronc;1200;C-233;6096,25;313304;4596280;0;313478;4596450;0;401;462;467
726;885;C-233;Generalitat;Tronc;155;C-233;13592,4003906;313122;4596230;33,7426987;313304;4596280;34,4406013;402;401;406
876;263;C-233;Generalitat;Tronc;1200;C-233;6096,25;313122;4596230;0;313304;4596280;0;402;401;406
880;263;C-233;Generalitat;Tronc;1200;C-233;6096,25;313508;4596470;0;313932;4596620;0;403;404;409
879;263;C-233;Generalitat;Tronc;1200;C-233;6096,25;313932;4596620;0;314315;4596850;0;404;405;410
878;263;C-233;Generalitat;Tronc;1200;C-233;6096,25;314315;4596850;0;315570;4596670;0;405;408;413
883;263;C-233;Generalitat;Tronc;1200;C-233;6096,25;315570;4596670;0;315999;4596540;0;408;409;414
882;263;C-233;Generalitat;Tronc;1200;C-233;6096,25;315999;4596540;0;316433;4596450;0;409;410;415
887;263;C-233;Generalitat;Tronc;1200;C-233;6096,25;316433;4596450;0;316868;4596360;0;410;411;416
886;263;C-233;Generalitat;Tronc;1200;C-233;6096,25;316868;4596360;0;317301;4596430;0;411;412;417
885;263;C-233;Generalitat;Tronc;1200;C-233;6096,25;317301;4596430;0;317732;4596560;0;412;413;418
884;263;C-233;Generalitat;Tronc;1200;C-233;6096,25;317732;4596560;0;318139;4596420;0;413;414;419
517;885;C-233;Generalitat;Tronc;1360; ;771,21698;318139;4596420;32,7761993;318539;4596670;33,2300987;414;415;420
889;263;C-233;Generalitat;Tronc;1200;C-233;6096,25;318139;4596420;0;318539;4596670;0;414;415;420
516;885;C-233;Generalitat;Tronc;1360; ;771,21698;318539;4596670;33,2300987;318672;4596740;33,1439018;415;416;421
888;263;C-233;Generalitat;Tronc;1200;C-233;6096,25;318539;4596670;0;318672;4596740;0;415;416;421
29;824;AP-2; ; ;8277;AP-2;8705,2001953;311171;4598830;0;311492;4598440;0;418;419;424
16;824;AP-2; ; ;8277;AP-2;8705,2001953;311492;4598440;0;311841;4598090;0;419;420;425
15;824;AP-2; ; ;8277;AP-2;8705,2001953;311841;4598090;0;312226;4597810;0;420;421;426
14;824;AP-2; ; ;8277;AP-2;8705,2001953;312226;4597810;0;312635;4597600;0;421;422;427
13;824;AP-2; ; ;8277;AP-2;8705,2001953;312635;4597600;0;313061;4597460;0;422;423;428
20;824;AP-2; ; ;8277;AP-2;8705,2001953;313061;4597460;0;313305;4597410;0;423;987;996
19;824;AP-2; ; ;8277;AP-2;8705,2001953;313497;4597380;0;313937;4597370;0;424;425;430
18;824;AP-2; ; ;8277;AP-2;8705,2001953;313937;4597370;0;314186;4597390;0;425;986;995
17;824;AP-2; ; ;8277;AP-2;8705,2001953;314377;4597430;0;314809;4597540;0;426;427;432
23;824;AP-2; ; ;8277;AP-2;8705,2001953;314809;4597540;0;315229;4597730;0;427;428;433
22;824;AP-2; ; ;8277;AP-2;8705,2001953;315229;4597730;0;315634;4597970;0;428;429;434
21;824;AP-2; ; ;8277;AP-2;8705,2001953;315634;4597970;0;316495;4598200;0;429;431;436
27;824;AP-2; ; ;8277;AP-2;8705,2001953;316495;4598200;0;316933;4598160;0;431;432;437
26;824;AP-2; ; ;8277;AP-2;8705,2001953;316933;4598160;0;317368;4598060;0;432;433;438
25;824;AP-2; ; ;8277;AP-2;8705,2001953;317368;4598060;0;317808;4598040;0;433;434;439
24;824;AP-2; ; ;8277;AP-2;8705,2001953;317808;4598040;0;318247;4598000;0;434;435;440
28;824;AP-2; ; ;8277;AP-2;8705,2001953;318247;4598000;0;318680;4597900;0;435;436;441
675;629;LV-7023; ; ;356;LV-7023;7450,0698242;318301;4601560;0;317929;4601310;0;437;438;443
898;849;N-240; ; ;9722;N-240;3961,1999512;318301;4601560;0;318093;4602270;0;437;962;971
688;629;LV-7023; ; ;356;LV-7023;7450,0698242;317929;4601310;0;317578;4600970;0;438;439;444
687;629;LV-7023; ; ;356;LV-7023;7450,0698242;317578;4600970;0;317208;4600660;0;439;440;445
686;629;LV-7023; ; ;356;LV-7023;7450,0698242;317208;4600660;0;316817;4600420;0;440;441;446
685;629;LV-7023; ; ;356;LV-7023;7450,0698242;316817;4600420;0;316418;4600160;0;441;442;447
684;629;LV-7023; ; ;356;LV-7023;7450,0698242;316418;4600160;0;316063;4599820;0;442;443;448
683;629;LV-7023; ; ;356;LV-7023;7450,0698242;316063;4599820;0;315674;4599570;0;443;444;449
682;629;LV-7023; ; ;356;LV-7023;7450,0698242;315674;4599570;0;315288;4599340;0;444;445;450
681;629;LV-7023; ; ;356;LV-7023;7450,0698242;315288;4599340;0;315096;4598850;0;445;446;451
680;629;LV-7023; ; ;356;LV-7023;7450,0698242;315096;4598850;0;314838;4598380;0;446;447;452
679;629;LV-7023; ; ;356;LV-7023;7450,0698242;314838;4598380;0;314235;4597530;0;447;449;454
917;629;LV-7023; ; ;356;LV-7023;7450,0698242;314235;4597530;0;314186;4597390;0;449;986;995
677;629;LV-7023; ; ;356;LV-7023;7450,0698242;314016;4597040;0;313685;4596800;0;450;451;456
676;629;LV-7023; ; ;356;LV-7023;7450,0698242;313685;4596800;0;313472;4596490;0;451;452;457
247;609;L-702; ; ;5773;L-702;4555,3500977;313472;4596490;0;313478;4596450;0;452;462;467
244;609;L-702; ; ;5773;L-702;4555,3500977;312139;4600380;0;312467;4600000;0;453;454;459
252;609;L-702; ; ;5773;L-702;4555,3500977;312467;4600000;0;312799;4599620;0;454;455;460
251;609;L-702; ; ;5773;L-702;4555,3500977;312799;4599620;0;312983;4599120;0;455;456;461
253;609;L-702; ; ;5773;L-702;4555,3500977;312983;4599120;0;313049;4598550;0;456;457;462
250;609;L-702; ; ;5773;L-702;4555,3500977;313049;4598550;0;313161;4597980;0;457;458;463
249;609;L-702; ; ;5773;L-702;4555,3500977;313161;4597980;0;313295;4597430;0;458;459;464
920;609;L-702; ; ;5773;L-702;4555,3500977;313295;4597430;0;313305;4597410;0;459;987;996
246;609;L-702; ; ;5773;L-702;4555,3500977;313291;4597020;0;313458;4596680;0;460;461;466
245;609;L-702; ; ;5773;L-702;4555,3500977;313458;4596680;0;313472;4596490;0;461;452;457
877;263;C-233;Generalitat;Tronc;1200;C-233;6096,25;313478;4596450;0;313508;4596470;0;462;403;408
202;608;L-702; ; ;6583;L-702;11322,4003906;303787;4607400;0;304085;4606980;0;463;464;469
368;141;C-13; ; ;7052;C-13;5211,3198242;303787;4607400;0;303821;4607430;0;463;553;559
227;608;L-702; ; ;6583;L-702;11322,4003906;304085;4606980;0;304371;4606540;0;464;465;470
226;608;L-702; ; ;6583;L-702;11322,4003906;304371;4606540;0;304580;4606040;0;465;466;471
225;608;L-702; ; ;6583;L-702;11322,4003906;304580;4606040;0;304900;4605660;0;466;467;472
221;608;L-702; ; ;6583;L-702;11322,4003906;304900;4605660;0;305296;4605410;0;467;468;473
220;608;L-702; ; ;6583;L-702;11322,4003906;305296;4605410;0;305692;4605160;0;468;469;474
219;608;L-702; ; ;6583;L-702;11322,4003906;305692;4605160;0;306087;4604910;0;469;470;475
224;608;L-702; ; ;6583;L-702;11322,4003906;306087;4604910;0;306394;4604500;0;470;471;476
223;608;L-702; ; ;6583;L-702;11322,4003906;306394;4604500;0;306722;4604120;0;471;472;477
222;608;L-702; ; ;6583;L-702;11322,4003906;306722;4604120;0;307146;4603980;0;472;473;478
212;608;L-702; ; ;6583;L-702;11322,4003906;307146;4603980;0;307498;4603640;0;473;474;479
211;608;L-702; ; ;6583;L-702;11322,4003906;307498;4603640;0;307806;4603230;0;474;475;480
216;608;L-702; ; ;6583;L-702;11322,4003906;307806;4603230;0;308200;4602970;0;475;476;481
215;608;L-702; ; ;6583;L-702;11322,4003906;308200;4602970;0;308597;4602730;0;476;477;482
214;608;L-702; ; ;6583;L-702;11322,4003906;308597;4602730;0;308648;4602710;0;477;358;363
213;608;L-702; ; ;6583;L-702;11322,4003906;309013;4602550;0;309429;4602360;0;478;479;484
218;608;L-702; ; ;6583;L-702;11322,4003906;309429;4602360;0;309846;4602180;0;479;480;485
207;608;L-702; ; ;6583;L-702;11322,4003906;309846;4602180;0;310262;4602000;0;480;481;486
206;608;L-702; ; ;6583;L-702;11322,4003906;310262;4602000;0;310678;4601810;0;481;482;487
205;608;L-702; ; ;6583;L-702;11322,4003906;310678;4601810;0;311036;4601700;0;482;506;512
210;608;L-702; ; ;6583;L-702;11322,4003906;311106;4601680;0;311449;4601330;0;483;484;489
209;608;L-702; ; ;6583;L-702;11322,4003906;311449;4601330;0;311702;4600850;0;484;485;490
208;608;L-702; ; ;6583;L-702;11322,4003906;311702;4600850;0;312031;4600480;0;485;486;491
203;608;L-702; ; ;6583;L-702;11322,4003906;312031;4600480;0;312139;4600380;0;486;453;458
578;850;N-240; ; ;9722;N-240;6278,9301758;315672;4603680;0;315277;4603930;0;488;489;494
168;137;C-12; ; ;7568;C-12;2735,5100098;315277;4625830;0;315676;4626080;0;781;782;788
579;850;N-240; ; ;9722;N-240;6278,9301758;315277;4603930;0;314488;4604440;0;489;490;496
583;850;N-240; ; ;9722;N-240;6278,9301758;314488;4604440;0;314093;4604690;0;490;491;497
582;850;N-240; ; ;9722;N-240;6278,9301758;314093;4604690;0;312863;4605300;0;491;494;500
581;850;N-240; ; ;9722;N-240;6278,9301758;312863;4605300;0;312450;4605500;0;494;495;501
580;850;N-240; ; ;9722;N-240;6278,9301758;312450;4605500;0;311625;4605890;0;495;497;503
587;850;N-240; ; ;9722;N-240;6278,9301758;311625;4605890;0;310800;4606290;0;497;499;505
586;850;N-240; ; ;9722;N-240;6278,9301758;310800;4606290;0;310400;4606520;0;499;500;506
585;850;N-240; ; ;9722;N-240;6278,9301758;310400;4606520;0;310177;4606660;0;500;513;519
379;851;N-240; ; ;10351;N-240;4586,9702148;310162;4606670;0;309365;4607100;0;501;515;521
232;1719;LV-7022;DipLleida;Tronc;548; ;2709,2900391;312013;4603490;23617,1992188;312214;4603920;24561,5996094;502;508;514
853;1718;LV-7022;DipLleida;Tronc;548; ;2169,6499023;312013;4603490;23617,1992188;311694;4603080;21893;502;503;509
856;1718;LV-7022;DipLleida;Tronc;548; ;2169,6499023;311694;4603080;21893;311380;4602700;21455,8007812;503;504;510
855;1718;LV-7022;DipLleida;Tronc;548; ;2169,6499023;311380;4602700;21455,8007812;311078;4602310;19925,4003906;504;505;511
854;1718;LV-7022;DipLleida;Tronc;548; ;2169,6499023;311078;4602310;19925,4003906;311036;4601700;7156,1601562;505;506;512
204;608;L-702; ; ;6583;L-702;11322,4003906;311036;4601700;0;311106;4601680;0;506;483;488
233;1719;LV-7022;DipLleida;Tronc;548; ;2709,2900391;312214;4603920;24561,5996094;312491;4604300;22970;508;509;515
234;1719;LV-7022;DipLleida;Tronc;548; ;2709,2900391;312491;4604300;22970;312890;4604550;22754,9003906;509;510;516
237;1719;LV-7022;DipLleida;Tronc;548; ;2709,2900391;312890;4604550;22754,9003906;313326;4604630;23855,5996094;510;511;517
236;1719;LV-7022;DipLleida;Tronc;548; ;2709,2900391;313326;4604630;23855,5996094;313758;4604730;24810,5996094;511;512;518
235;1719;LV-7022;DipLleida;Tronc;548; ;2709,2900391;313758;4604730;24810,5996094;314057;4604710;25848,9003906;512;992;1001
375;851;N-240; ; ;10351;N-240;4586,9702148;310177;4606660;0;310162;4606670;0;513;501;507
584;850;N-240; ; ;9722;N-240;6278,9301758;310177;4606660;0;310162;4606670;0;513;501;507
378;851;N-240; ; ;10351;N-240;4586,9702148;309365;4607100;0;308957;4607310;0;515;516;522
377;851;N-240; ; ;10351;N-240;4586,9702148;308957;4607310;0;308550;4607520;0;516;517;523
376;851;N-240; ; ;10351;N-240;4586,9702148;308550;4607520;0;308142;4607740;0;517;518;524
384;851;N-240; ; ;10351;N-240;4586,9702148;308142;4607740;0;307734;4607950;0;518;519;525
383;851;N-240; ; ;10351;N-240;4586,9702148;307734;4607950;0;307327;4608160;0;519;520;526
382;851;N-240; ; ;10351;N-240;4586,9702148;307327;4608160;0;306919;4608370;0;520;521;527
381;851;N-240; ; ;10351;N-240;4586,9702148;306919;4608370;0;306616;4608700;0;521;997;1006
290;142;C-13; ; ;6891;C-13;13188,2001953;306532;4612640;0;306888;4613000;0;585;586;592
380;851;N-240; ; ;10351;N-240;4586,9702148;306532;4608630;0;306114;4608710;0;522;523;529
43;1558;L-700;DipLleida;Tronc;771; ;2093,7700195;301411;4603440;17364,0996094;301092;4603790;15927,0996094;524;525;531
519;667;C-12D;Generalitat;Tronc;1136; ;1147,7399902;301411;4603440;17466;301838;4602720;18898;524;970;979
44;1558;L-700;DipLleida;Tronc;771; ;2093,7700195;301092;4603790;15927,0996094;300912;4604320;15386,2001953;525;526;532
46;1558;L-700;DipLleida;Tronc;771; ;2093,7700195;300912;4604320;15386,2001953;300727;4604800;14891,5996094;526;527;533
45;1558;L-700;DipLleida;Tronc;771; ;2093,7700195;300727;4604800;14891,5996094;300387;4605130;14580;527;528;534
359;882;C-230a;DipLleida;Tronc;615; ;992,40802;300387;4605130;14580;300761;4605430;14794,5996094;528;543;549
0;881;C-230a;DipLleida;Tronc;615; ;907,0449829;301947;4606060;15257;301512;4606020;15310,5;529;546;552
361;141;C-13; ; ;7052;C-13;5211,3198242;301947;4606060;0;302218;4606480;0;529;549;555
661;846;LL-12; ; ;8374;LL-12;2880,5100098;301947;4606060;0;301967;4606640;0;529;530;536
663;846;LL-12; ; ;8374;LL-12;2880,5100098;301967;4606640;0;302095;4607210;0;530;531;537
662;846;LL-12; ; ;8374;LL-12;2880,5100098;302095;4607210;0;302152;4607790;0;531;532;538
666;846;LL-12; ; ;8374;LL-12;2880,5100098;302152;4607790;0;302162;4608350;0;532;533;539
665;846;LL-12; ; ;8374;LL-12;2880,5100098;302162;4608350;0;301815;4608680;0;533;534;540
664;846;LL-12; ; ;8374;LL-12;2880,5100098;301815;4608680;0;301714;4608720;0;534;535;541
838;845;LL-12; ; ;8374;LL-12;2455,5900879;301714;4604200;0;301758;4604780;0;537;538;544
518;667;C-12D;Generalitat;Tronc;1136; ;1147,7399902;301610;4603630;16431;301411;4603440;17466;536;524;530
835;845;LL-12; ; ;8374;LL-12;2455,5900879;301610;4603630;0;301714;4604200;0;536;537;541
837;845;LL-12; ; ;8374;LL-12;2455,5900879;301758;4604780;0;301818;4605360;0;538;539;545
836;845;LL-12; ; ;8374;LL-12;2455,5900879;301818;4605360;0;301935;4605930;0;539;540;546
839;845;LL-12; ; ;8374;LL-12;2455,5900879;301935;4605930;0;301947;4606060;0;540;529;535
360;882;C-230a;DipLleida;Tronc;615; ;992,40802;300761;4605430;14794,5996094;301136;4605760;14617,5;543;544;550
1;881;C-230a;DipLleida;Tronc;615; ;907,0449829;301512;4606020;15310,5;301136;4605760;14663,5;546;544;550
362;141;C-13; ; ;7052;C-13;5211,3198242;302218;4606480;0;302482;4606640;0;549;560;566
367;141;C-13; ; ;7052;C-13;5211,3198242;302632;4606680;0;303057;4606830;0;550;551;557
366;141;C-13; ; ;7052;C-13;5211,3198242;303057;4606830;0;303442;4607120;0;551;552;558
365;141;C-13; ; ;7052;C-13;5211,3198242;303442;4607120;0;303787;4607400;0;552;463;468
364;141;C-13; ; ;7052;C-13;5211,3198242;303821;4607430;0;304176;4607780;0;553;554;560
373;141;C-13; ; ;7052;C-13;5211,3198242;304176;4607780;0;304590;4607980;0;554;555;561
372;141;C-13; ; ;7052;C-13;5211,3198242;304590;4607980;0;305022;4608100;0;555;556;562
371;141;C-13; ; ;7052;C-13;5211,3198242;305022;4608100;0;305156;4608130;0;556;564;570
830;1561;L-701;DipLleida;Tronc;384; ;6349,1401367;305022;4588740;33,5862999;304657;4588960;34,2345009;289;290;295
370;141;C-13; ; ;7052;C-13;5211,3198242;305457;4608190;0;305849;4608360;0;557;558;564
374;141;C-13; ; ;7052;C-13;5211,3198242;305849;4608360;0;306114;4608710;0;558;523;529
9;880;C-230a;DipLleida;Tronc;2351; ;1386,0799561;302482;4606640;0;302662;4607140;15594,2998047;560;561;567
363;141;C-13; ; ;7052;C-13;5211,3198242;302482;4606640;0;302632;4606680;0;560;550;556
11;880;C-230a;DipLleida;Tronc;2351; ;1386,0799561;302662;4607140;15594,2998047;302966;4607560;15867,2001953;561;562;568
10;880;C-230a;DipLleida;Tronc;2351; ;1386,0799561;302966;4607560;15867,2001953;303117;4607710;15959,5;562;563;569
369;141;C-13; ; ;7052;C-13;5211,3198242;305156;4608130;0;305457;4608190;0;564;557;563
488;679;C-13B;Generalitat;Tronc;6407; ;4371,7700195;305156;4608130;0;305589;4608250;0;564;565;571
489;679;C-13B;Generalitat;Tronc;6407; ;4371,7700195;305589;4608250;0;306020;4608380;0;565;566;572
493;679;C-13B;Generalitat;Tronc;6407; ;4371,7700195;306020;4608380;0;306445;4608540;0;566;567;573
905;1345;A-2; ; ;24772;A-2;2348,5700684;306445;4612540;0;306449;4612540;0;584;979;988
925;679;C-13B;Generalitat;Tronc;6407; ;4371,7700195;306445;4608540;0;306580;4608610;0;567;993;1002
491;679;C-13B;Generalitat;Tronc;6407; ;4371,7700195;306843;4608790;0;307182;4609170;0;568;569;575
490;679;C-13B;Generalitat;Tronc;6407; ;4371,7700195;307182;4609170;0;307417;4609670;0;569;570;576
494;679;C-13B;Generalitat;Tronc;6407; ;4371,7700195;307417;4609670;0;307736;4610050;0;570;571;577
496;679;C-13B;Generalitat;Tronc;6407; ;4371,7700195;307736;4610050;0;308171;4610120;0;571;572;578
495;679;C-13B;Generalitat;Tronc;6407; ;4371,7700195;308171;4610120;0;308354;4610550;0;572;573;579
820;1391;LL-11; ; ;16108;LL-11;4767,0498047;308354;4610550;0;308334;4610560;0;573;608;614
30;854;N-240; ; ;10372;N-240;1651,2900391;306159;4609240;0;305876;4609670;0;575;576;582
933;0;N-240; ; ;10372; ;0;306159;4609240;0;306114;4608710;0;575;523;529
32;854;N-240; ; ;10372;N-240;1651,2900391;305876;4609670;0;305496;4609950;0;576;577;583
31;854;N-240; ; ;10372;N-240;1651,2900391;305496;4609950;0;305451;4610020;0;577;578;584
286;142;C-13; ; ;6891;C-13;13188,2001953;305451;4610020;0;305346;4610490;0;578;580;586
285;142;C-13; ; ;6891;C-13;13188,2001953;313119;4619900;0;313180;4619960;0;579;722;728
288;142;C-13; ; ;6891;C-13;13188,2001953;305346;4610490;0;305247;4611050;0;580;581;587
287;142;C-13; ; ;6891;C-13;13188,2001953;305247;4611050;0;305524;4611500;0;581;582;588
289;142;C-13; ; ;6891;C-13;13188,2001953;305524;4611500;0;305884;4611840;0;582;583;589
291;142;C-13; ; ;6891;C-13;13188,2001953;305884;4611840;0;306449;4612540;0;583;584;988
293;142;C-13; ; ;6891;C-13;13188,2001953;306888;4613000;0;307243;4613350;0;586;587;593
292;142;C-13; ; ;6891;C-13;13188,2001953;307243;4613350;0;307598;4613700;0;587;588;594
296;142;C-13; ; ;6891;C-13;13188,2001953;307598;4613700;0;307906;4614130;0;588;589;595
295;142;C-13; ; ;6891;C-13;13188,2001953;307906;4614130;0;308201;4614570;0;589;590;596
294;142;C-13; ; ;6891;C-13;13188,2001953;308201;4614570;0;308454;4615040;0;590;591;597
298;142;C-13; ; ;6891;C-13;13188,2001953;308454;4615040;0;309195;4615690;0;591;593;599
297;142;C-13; ; ;6891;C-13;13188,2001953;309195;4615690;0;309563;4616020;0;593;594;600
299;142;C-13; ; ;6891;C-13;13188,2001953;309563;4616020;0;309891;4616400;0;594;595;601
303;142;C-13; ; ;6891;C-13;13188,2001953;309891;4616400;0;310308;4616580;0;595;596;602
302;142;C-13; ; ;6891;C-13;13188,2001953;310308;4616580;0;310728;4616760;0;596;597;603
301;142;C-13; ; ;6891;C-13;13188,2001953;310728;4616760;0;311091;4617100;0;597;598;604
300;142;C-13; ; ;6891;C-13;13188,2001953;311091;4617100;0;311348;4617580;0;598;599;605
304;142;C-13; ; ;6891;C-13;13188,2001953;311348;4617580;0;312468;4618490;0;599;602;608
306;142;C-13; ; ;6891;C-13;13188,2001953;312468;4618490;0;312810;4618870;0;602;603;609
305;142;C-13; ; ;6891;C-13;13188,2001953;312810;4618870;0;313148;4619930;0;603;579;977
811;1391;LL-11; ; ;16108;LL-11;4767,0498047;310080;4610750;0;309647;4610670;0;604;605;611
821;1391;LL-11; ; ;16108;LL-11;4767,0498047;309647;4610670;0;309207;4610650;0;605;606;612
819;1391;LL-11; ; ;16108;LL-11;4767,0498047;309207;4610650;0;308768;4610600;0;606;607;613
818;1391;LL-11; ; ;16108;LL-11;4767,0498047;308768;4610600;0;308354;4610550;0;607;573;579
817;1391;LL-11; ; ;16108;LL-11;4767,0498047;308334;4610560;0;307896;4610520;0;608;609;615
816;1391;LL-11; ; ;16108;LL-11;4767,0498047;307896;4610520;0;307463;4610410;0;609;610;616
815;1391;LL-11; ; ;16108;LL-11;4767,0498047;307463;4610410;0;307034;4610270;0;610;611;617
814;1391;LL-11; ; ;16108;LL-11;4767,0498047;307034;4610270;0;306601;4610220;0;611;612;618
813;1391;LL-11; ; ;16108;LL-11;4767,0498047;306601;4610220;0;305723;4610180;0;612;614;620
812;1391;LL-11; ; ;16108;LL-11;4767,0498047;305723;4610180;0;305451;4610020;0;614;578;584
39;1608;LV-2003;DipLleida;Tronc;818; ;1777,5600586;311430;4609650;20229;311105;4610030;19440,5;616;617;623
42;1608;LV-2003;DipLleida;Tronc;818; ;1777,5600586;311105;4610030;19440,5;310712;4610280;18586,6992188;617;618;624
41;1608;LV-2003;DipLleida;Tronc;818; ;1777,5600586;310712;4610280;18586,6992188;310312;4610510;17999,3007812;618;619;625
40;1608;LV-2003;DipLleida;Tronc;818; ;1777,5600586;310312;4610510;17999,3007812;310080;4610750;17700;619;604;610
33;1392;LL-11; ; ;16108;LL-11;2458,8300781;312455;4611100;0;312355;4611000;0;621;628;634
38;1392;LL-11; ; ;16108;LL-11;2458,8300781;312044;4610930;0;311164;4610930;0;622;624;630
37;1392;LL-11; ; ;16108;LL-11;2458,8300781;311164;4610930;0;310725;4610930;0;624;625;631
35;1392;LL-11; ; ;16108;LL-11;2458,8300781;310725;4610930;0;310290;4610830;0;625;626;632
34;1392;LL-11; ; ;16108;LL-11;2458,8300781;310290;4610830;0;310080;4610750;0;626;604;610
36;1392;LL-11; ; ;16108;LL-11;2458,8300781;312355;4611000;0;312044;4610930;0;628;622;628
393;646;N-II; ; ;5162;N-II;6640,2998047;312355;4611000;0;312795;4611020;0;628;629;635
394;646;N-II; ; ;5162;N-II;6640,2998047;312795;4611020;0;313233;4610980;0;629;630;636
398;646;N-II; ; ;5162;N-II;6640,2998047;313233;4610980;0;313672;4610950;0;630;631;637
397;646;N-II; ; ;5162;N-II;6640,2998047;313672;4610950;0;314112;4610950;0;631;632;638
396;646;N-II; ; ;5162;N-II;6640,2998047;314112;4610950;0;314551;4610990;0;632;633;639
395;646;N-II; ; ;5162;N-II;6640,2998047;314551;4610990;0;314984;4610940;0;633;634;640
401;646;N-II; ; ;5162;N-II;6640,2998047;314984;4610940;0;315395;4611100;0;634;635;641
408;646;N-II; ; ;5162;N-II;6640,2998047;315395;4611100;0;315622;4611100;0;635;654;660
400;646;N-II; ; ;5162;N-II;6640,2998047;315805;4610960;0;316202;4610740;0;636;637;643
399;646;N-II; ; ;5162;N-II;6640,2998047;316202;4610740;0;316642;4610730;0;637;638;644
405;646;N-II; ; ;5162;N-II;6640,2998047;316642;4610730;0;317082;4610720;0;638;639;645
404;646;N-II; ; ;5162;N-II;6640,2998047;317082;4610720;0;317518;4610800;0;639;640;646
403;646;N-II; ; ;5162;N-II;6640,2998047;317518;4610800;0;317954;4610880;0;640;641;647
402;646;N-II; ; ;5162;N-II;6640,2998047;317954;4610880;0;318388;4610960;0;641;642;648
406;646;N-II; ; ;5162;N-II;6640,2998047;318388;4610960;0;318774;4610910;0;642;643;649
845;1659;LV-3311;DipLleida;Tronc;890; ;5455,6801758;318092;4615810;20320;317994;4615240;20432,6992188;644;645;651
852;1659;LV-3311;DipLleida;Tronc;890; ;5455,6801758;317994;4615240;20432,6992188;317706;4614800;20462,3007812;645;646;652
851;1659;LV-3311;DipLleida;Tronc;890; ;5455,6801758;317706;4614800;20462,3007812;317508;4614310;20345,4003906;646;647;653
850;1659;LV-3311;DipLleida;Tronc;890; ;5455,6801758;317508;4614310;20345,4003906;317255;4613830;20387,4003906;647;648;654
849;1659;LV-3311;DipLleida;Tronc;890; ;5455,6801758;317255;4613830;20387,4003906;316358;4612530;20369,6992188;648;651;657
848;1659;LV-3311;DipLleida;Tronc;890; ;5455,6801758;316358;4612530;20369,6992188;316150;4612030;20477,0996094;651;652;658
847;1659;LV-3311;DipLleida;Tronc;890; ;5455,6801758;316150;4612030;20477,0996094;315815;4611660;20378,6992188;652;653;659
846;1659;LV-3311;DipLleida;Tronc;890; ;5455,6801758;315815;4611660;20378,6992188;315622;4611100;20301,5996094;653;654;660
407;646;N-II; ; ;5162;N-II;6640,2998047;315622;4611100;0;315805;4610960;0;654;636;642
410;1337;A-2; ; ;33228;A-2;2908,3898926;315924;4611800;0;315941;4611790;0;655;670;676
553;1338;A-2; ; ;35374;A-2;2784,3500977;315924;4611800;0;315941;4611790;0;655;670;676
412;1337;A-2; ; ;33228;A-2;2908,3898926;316340;4611620;0;316773;4611520;0;656;657;663
416;1337;A-2; ; ;33228;A-2;2908,3898926;316773;4611520;0;317213;4611530;0;657;658;664
415;1337;A-2; ; ;33228;A-2;2908,3898926;317213;4611530;0;317651;4611590;0;658;659;665
414;1337;A-2; ; ;33228;A-2;2908,3898926;317651;4611590;0;318090;4611620;0;659;660;666
413;1337;A-2; ; ;33228;A-2;2908,3898926;318090;4611620;0;318530;4611610;0;660;661;667
417;1337;A-2; ; ;33228;A-2;2908,3898926;318530;4611610;0;318777;4611610;0;661;662;668
334;1341;LL-11; ; ;16108;LL-11;781,2589722;313355;4611550;0;312679;4611290;0;663;995;1004
546;1338;A-2; ; ;35374;A-2;2784,3500977;313355;4611550;0;313746;4611820;0;663;664;670
549;1338;A-2; ; ;35374;A-2;2784,3500977;313746;4611820;0;314161;4612020;0;664;665;671
548;1338;A-2; ; ;35374;A-2;2784,3500977;314161;4612020;0;314597;4612110;0;665;666;672
547;1338;A-2; ; ;35374;A-2;2784,3500977;314597;4612110;0;315036;4612090;0;666;667;673
552;1338;A-2; ; ;35374;A-2;2784,3500977;315036;4612090;0;315467;4611990;0;667;668;674
551;1338;A-2; ; ;35374;A-2;2784,3500977;315467;4611990;0;315886;4611820;0;668;669;675
550;1338;A-2; ; ;35374;A-2;2784,3500977;315886;4611820;0;315924;4611800;0;669;655;661
411;1337;A-2; ; ;33228;A-2;2908,3898926;315941;4611790;0;316340;4611620;0;670;656;662
690;1343;A-2; ; ;24772;A-2;1726,8499756;310934;4611520;0;311374;4611510;0;671;672;678
693;1343;A-2; ; ;24772;A-2;1726,8499756;311374;4611510;0;311812;4611470;0;672;673;679
692;1343;A-2; ; ;24772;A-2;1726,8499756;311812;4611470;0;312248;4611400;0;673;674;680
691;1343;A-2; ; ;24772;A-2;1726,8499756;312248;4611400;0;312646;4611330;0;674;675;681
626;1339;A-2; ; ;35374;A-2;756,742981;312646;4611330;0;313355;4611550;0;675;663;669
603;1342;A-2; ; ;24772;A-2;1654,0400391;309303;4611300;0;309734;4611420;0;676;677;683
606;1342;A-2; ; ;24772;A-2;1654,0400391;309734;4611420;0;310173;4611460;0;677;678;684
605;1342;A-2; ; ;24772;A-2;1654,0400391;310173;4611460;0;310613;4611500;0;678;679;685
604;1342;A-2; ; ;24772;A-2;1654,0400391;310613;4611500;0;310934;4611520;0;679;671;677
599;1345;A-2; ; ;24772;A-2;2348,5700684;306804;4612220;0;307213;4612010;0;682;683;689
598;1345;A-2; ; ;24772;A-2;2348,5700684;307213;4612010;0;307614;4611780;0;683;684;690
601;1345;A-2; ; ;24772;A-2;2348,5700684;307614;4611780;0;307986;4611470;0;684;685;691
600;1345;A-2; ; ;24772;A-2;2348,5700684;307986;4611470;0;308384;4611250;0;685;686;692
844;1344;A-2; ; ;24772;A-2;960,1959839;308384;4611250;0;309303;4611300;0;686;676;682
345;1346;A-2; ; ;36909;A-2;6853,6499023;300816;4615080;0;301692;4615200;0;687;689;695
444;828;N-230; ; ;13110;N-230;5980,8901367;300816;4615080;0;300798;4615590;0;687;854;861
352;1346;A-2; ; ;36909;A-2;6853,6499023;301692;4615200;0;302572;4615210;0;689;691;697
356;1346;A-2; ; ;36909;A-2;6853,6499023;302572;4615210;0;303010;4615170;0;691;692;698
355;1346;A-2; ; ;36909;A-2;6853,6499023;303010;4615170;0;303447;4615110;0;692;693;699
354;1346;A-2; ; ;36909;A-2;6853,6499023;303447;4615110;0;303881;4615030;0;693;694;700
353;1346;A-2; ; ;36909;A-2;6853,6499023;303881;4615030;0;304305;4614880;0;694;695;701
357;1346;A-2; ; ;36909;A-2;6853,6499023;304305;4614880;0;304676;4614580;0;695;696;702
349;1346;A-2; ; ;36909;A-2;6853,6499023;304676;4614580;0;305014;4614300;0;696;988;997
348;1346;A-2; ; ;36909;A-2;6853,6499023;305050;4614290;0;305468;4614110;0;697;698;704
347;1346;A-2; ; ;36909;A-2;6853,6499023;305468;4614110;0;305844;4613820;0;698;699;705
351;1346;A-2; ; ;36909;A-2;6853,6499023;305844;4613820;0;306101;4613360;0;699;700;706
350;1346;A-2; ; ;36909;A-2;6853,6499023;306101;4613360;0;306272;4612820;0;700;701;707
346;1346;A-2; ; ;36909;A-2;6853,6499023;306272;4612820;0;306445;4612540;0;701;979;573
388;868;A-2; ; ;29146;A-2;4026,5800781;297652;4613740;0;298033;4614040;0;704;705;711
387;868;A-2; ; ;29146;A-2;4026,5800781;298033;4614040;0;298397;4614370;0;705;706;712
386;868;A-2; ; ;29146;A-2;4026,5800781;298397;4614370;0;298799;4614620;0;706;707;713
392;868;A-2; ; ;29146;A-2;4026,5800781;298799;4614620;0;299220;4614800;0;707;708;714
391;868;A-2; ; ;29146;A-2;4026,5800781;299220;4614800;0;299652;4614910;0;708;709;715
390;868;A-2; ; ;29146;A-2;4026,5800781;299652;4614910;0;300528;4615040;0;709;711;717
389;868;A-2; ; ;29146;A-2;4026,5800781;300528;4615040;0;300815;4615080;0;711;712;718
358;687;C-13z;Generalitat;Tronc;1726; ;641,3070068;312749;4619550;0;312934;4619720;21264,5996094;713;969;978
765;686;C-13z;Generalitat;Tronc;1726; ;4599,9501953;312749;4619550;0;312473;4619090;21071,5996094;713;714;720
767;686;C-13z;Generalitat;Tronc;1726; ;4599,9501953;312473;4619090;21071,5996094;312185;4618650;21021,1992188;714;715;721
766;686;C-13z;Generalitat;Tronc;1726; ;4599,9501953;312185;4618650;21021,1992188;311791;4618390;20153,8007812;715;716;722
773;686;C-13z;Generalitat;Tronc;1726; ;4599,9501953;309957;4616580;18473,3007812;310279;4616990;18877,8007812;717;718;724
772;686;C-13z;Generalitat;Tronc;1726; ;4599,9501953;310279;4616990;18877,8007812;310610;4617380;18961;718;719;725
771;686;C-13z;Generalitat;Tronc;1726; ;4599,9501953;310610;4617380;18961;310960;4617740;19513;719;720;726
770;686;C-13z;Generalitat;Tronc;1726; ;4599,9501953;310960;4617740;19513;311376;4618050;19809,3007812;720;721;727
768;686;C-13z;Generalitat;Tronc;1726; ;4599,9501953;311376;4618050;19809,3007812;311791;4618390;20240,9003906;721;716;722
497;143;C-13; ; ;8312;C-13;9379,4003906;313180;4619960;0;313540;4620300;0;722;723;729
501;143;C-13; ; ;8312;C-13;9379,4003906;313540;4620300;0;313900;4620650;0;723;724;730
500;143;C-13; ; ;8312;C-13;9379,4003906;313900;4620650;0;314260;4620990;0;724;725;731
499;143;C-13; ; ;8312;C-13;9379,4003906;314260;4620990;0;314587;4621390;0;725;726;732
498;143;C-13; ; ;8312;C-13;9379,4003906;314587;4621390;0;314895;4621810;0;726;727;733
506;143;C-13; ; ;8312;C-13;9379,4003906;314895;4621810;0;315202;4622240;0;727;728;734
505;143;C-13; ; ;8312;C-13;9379,4003906;315202;4622240;0;315509;4622660;0;728;729;735
504;143;C-13; ; ;8312;C-13;9379,4003906;315509;4622660;0;315823;4623080;0;729;730;736
503;143;C-13; ; ;8312;C-13;9379,4003906;315823;4623080;0;316227;4623310;0;730;731;737
502;143;C-13; ; ;8312;C-13;9379,4003906;316227;4623310;0;316636;4623540;0;731;732;738
511;143;C-13; ; ;8312;C-13;9379,4003906;316636;4623540;0;317045;4623760;0;732;733;739
510;143;C-13; ; ;8312;C-13;9379,4003906;317045;4623760;0;317345;4624180;0;733;734;740
509;143;C-13; ; ;8312;C-13;9379,4003906;317345;4624180;0;317597;4624660;0;734;735;741
508;143;C-13; ; ;8312;C-13;9379,4003906;317597;4624660;0;317849;4625150;0;735;736;742
507;143;C-13; ; ;8312;C-13;9379,4003906;317849;4625150;0;318101;4625630;0;736;737;743
512;143;C-13; ; ;8312;C-13;9379,4003906;318101;4625630;0;318353;4626120;0;737;738;744
514;143;C-13; ; ;8312;C-13;9379,4003906;318353;4626120;0;318604;4626600;0;738;739;745
513;143;C-13; ; ;8312;C-13;9379,4003906;318604;4626600;0;318856;4627090;0;739;740;746
515;143;C-13; ; ;8312;C-13;9379,4003906;318856;4627090;0;318890;4627150;0;740;741;747
774;136;C-12; ; ;9187;C-12;18670,9003906;303608;4611800;0;303919;4612210;0;742;743;749
775;136;C-12; ; ;9187;C-12;18670,9003906;303919;4612210;0;304265;4612560;0;743;744;750
776;136;C-12; ; ;9187;C-12;18670,9003906;304265;4612560;0;304501;4613050;0;744;745;751
780;136;C-12; ; ;9187;C-12;18670,9003906;304501;4613050;0;304728;4613560;0;745;746;752
779;136;C-12; ; ;9187;C-12;18670,9003906;304728;4613560;0;304924;4614090;0;746;747;753
921;136;C-12; ; ;9187;C-12;18670,9003906;304924;4614090;0;305014;4614300;0;747;988;997
777;136;C-12; ; ;9187;C-12;18670,9003906;305203;4614530;0;305480;4614980;0;748;749;755
782;136;C-12; ; ;9187;C-12;18670,9003906;305480;4614980;0;305761;4615430;0;749;750;756
781;136;C-12; ; ;9187;C-12;18670,9003906;305761;4615430;0;306004;4615920;0;750;751;757
784;136;C-12; ; ;9187;C-12;18670,9003906;306004;4615920;0;306335;4616310;0;751;752;758
783;136;C-12; ; ;9187;C-12;18670,9003906;306335;4616310;0;306680;4616680;0;752;753;759
787;136;C-12; ; ;9187;C-12;18670,9003906;306680;4616680;0;307058;4616990;0;753;754;760
786;136;C-12; ; ;9187;C-12;18670,9003906;307058;4616990;0;307493;4617060;0;754;755;761
785;136;C-12; ; ;9187;C-12;18670,9003906;307493;4617060;0;307931;4617110;0;755;756;762
791;136;C-12; ; ;9187;C-12;18670,9003906;307931;4617110;0;308352;4617280;0;756;757;763
790;136;C-12; ; ;9187;C-12;18670,9003906;308352;4617280;0;308727;4617590;0;757;758;764
789;136;C-12; ; ;9187;C-12;18670,9003906;308727;4617590;0;309075;4617960;0;758;759;765
788;136;C-12; ; ;9187;C-12;18670,9003906;309075;4617960;0;309266;4618480;0;759;760;766
793;136;C-12; ; ;9187;C-12;18670,9003906;309266;4618480;0;309338;4619050;0;760;761;767
792;136;C-12; ; ;9187;C-12;18670,9003906;309338;4619050;0;309588;4619540;0;761;762;768
794;136;C-12; ; ;9187;C-12;18670,9003906;309588;4619540;0;309919;4619930;0;762;763;769
798;136;C-12; ; ;9187;C-12;18670,9003906;309919;4619930;0;310259;4620310;0;763;764;770
797;136;C-12; ; ;9187;C-12;18670,9003906;310259;4620310;0;310599;4620690;0;764;765;771
796;136;C-12; ; ;9187;C-12;18670,9003906;310599;4620690;0;310931;4621080;0;765;766;772
795;136;C-12; ; ;9187;C-12;18670,9003906;310931;4621080;0;311149;4621590;0;766;767;773
799;136;C-12; ; ;9187;C-12;18670,9003906;311149;4621590;0;311466;4622000;0;767;768;774
928;136;C-12; ; ;9187;C-12;18670,9003906;311466;4622000;0;311580;4622250;0;768;994;1003
802;136;C-12; ; ;9187;C-12;18670,9003906;311660;4622520;0;312002;4622850;0;769;770;776
801;136;C-12; ; ;9187;C-12;18670,9003906;312002;4622850;0;312430;4623000;0;770;771;777
800;136;C-12; ; ;9187;C-12;18670,9003906;312430;4623000;0;312866;4623070;0;771;772;778
805;136;C-12; ; ;9187;C-12;18670,9003906;312866;4623070;0;313267;4623310;0;772;773;779
804;136;C-12; ; ;9187;C-12;18670,9003906;313267;4623310;0;313630;4623650;0;773;774;780
809;136;C-12; ; ;9187;C-12;18670,9003906;313630;4623650;0;313958;4624040;0;774;775;781
808;136;C-12; ; ;9187;C-12;18670,9003906;313958;4624040;0;314206;4624520;0;775;776;782
807;136;C-12; ; ;9187;C-12;18670,9003906;314206;4624520;0;314547;4624890;0;776;777;783
806;136;C-12; ; ;9187;C-12;18670,9003906;314547;4624890;0;314851;4625310;0;777;778;784
810;136;C-12; ; ;9187;C-12;18670,9003906;314851;4625310;0;314958;4625430;0;778;779;785
164;137;C-12; ; ;7568;C-12;2735,5100098;314958;4625430;0;315277;4625830;0;779;781;494
167;137;C-12; ; ;7568;C-12;2735,5100098;315676;4626080;0;316053;4626380;0;782;783;789
166;137;C-12; ; ;7568;C-12;2735,5100098;316053;4626380;0;316363;4626810;0;783;784;790
165;137;C-12; ; ;7568;C-12;2735,5100098;316363;4626810;0;316567;4627300;0;784;785;791
169;137;C-12; ; ;7568;C-12;2735,5100098;316567;4627300;0;316524;4627480;0;785;786;792
87;630;LV-9225; ; ;861;LV-9225;7911,3701172;305153;4624680;0;305555;4624460;0;787;788;794
101;630;LV-9225; ; ;861;LV-9225;7911,3701172;305555;4624460;0;305859;4624090;0;788;789;795
103;630;LV-9225; ; ;861;LV-9225;7911,3701172;305859;4624090;0;306196;4623740;0;789;790;796
102;630;LV-9225; ; ;861;LV-9225;7911,3701172;306196;4623740;0;306507;4623360;0;790;791;797
90;630;LV-9225; ; ;861;LV-9225;7911,3701172;306507;4623360;0;306924;4623280;0;791;792;798
89;630;LV-9225; ; ;861;LV-9225;7911,3701172;306924;4623280;0;307362;4623280;0;792;793;799
88;630;LV-9225; ; ;861;LV-9225;7911,3701172;307362;4623280;0;307797;4623370;0;793;794;800
94;630;LV-9225; ; ;861;LV-9225;7911,3701172;307797;4623370;0;308236;4623380;0;794;795;801
93;630;LV-9225; ; ;861;LV-9225;7911,3701172;308236;4623380;0;308676;4623370;0;795;796;802
92;630;LV-9225; ; ;861;LV-9225;7911,3701172;308676;4623370;0;309114;4623340;0;796;797;803
91;630;LV-9225; ; ;861;LV-9225;7911,3701172;309114;4623340;0;309543;4623230;0;797;798;804
98;630;LV-9225; ; ;861;LV-9225;7911,3701172;309543;4623230;0;309973;4623120;0;798;799;805
97;630;LV-9225; ; ;861;LV-9225;7911,3701172;309973;4623120;0;310402;4623000;0;799;800;806
96;630;LV-9225; ; ;861;LV-9225;7911,3701172;310402;4623000;0;310832;4622890;0;800;801;807
95;630;LV-9225; ; ;861;LV-9225;7911,3701172;310832;4622890;0;311241;4622700;0;801;802;808
100;630;LV-9225; ; ;861;LV-9225;7911,3701172;311241;4622700;0;311539;4622290;0;802;803;809
929;630;LV-9225; ; ;861;LV-9225;7911,3701172;311539;4622290;0;311580;4622250;0;803;994;1003
521;1594;LP-9221;DipLleida;Tronc;3936; ;14159,4003906;303371;4619510;21829;303471;4620080;21123,8007812;805;806;812
524;1594;LP-9221;DipLleida;Tronc;3936; ;14159,4003906;303471;4620080;21123,8007812;303615;4620640;20715;806;807;813
523;1594;LP-9221;DipLleida;Tronc;3936; ;14159,4003906;303615;4620640;20715;303656;4621220;20996,4003906;807;808;814
522;1594;LP-9221;DipLleida;Tronc;3936; ;14159,4003906;303656;4621220;20996,4003906;303722;4621800;21530,4003906;808;809;815
527;1594;LP-9221;DipLleida;Tronc;3936; ;14159,4003906;303722;4621800;21530,4003906;303758;4622360;23720,4003906;809;810;816
526;1594;LP-9221;DipLleida;Tronc;3936; ;14159,4003906;303758;4622360;23720,4003906;303767;4622890;24420,6992188;810;811;817
525;1594;LP-9221;DipLleida;Tronc;3936; ;14159,4003906;303767;4622890;24420,6992188;303988;4623130;24200;811;827;834
529;1594;LP-9221;DipLleida;Tronc;3936; ;14159,4003906;303146;4619090;23062,5996094;303129;4619190;23266,5;812;971;980
530;1594;LP-9221;DipLleida;Tronc;3936; ;14159,4003906;303132;4618260;22270,4003906;303304;4618570;22212;813;973;982
927;1594; ; ; ;3936; ;0;303132;4618260;0;303035;4618090;0;813;974;983
531;1594;LP-9221;DipLleida;Tronc;3936; ;14159,4003906;302595;4615810;18925,4003906;302677;4616380;19597,4003906;814;815;822
536;1594;LP-9221;DipLleida;Tronc;3936; ;14159,4003906;302677;4616380;19597,4003906;302833;4616920;19865,6992188;815;816;823
535;1594;LP-9221;DipLleida;Tronc;3936; ;14159,4003906;302833;4616920;19865,6992188;302951;4617480;20652,8007812;816;817;824
534;1594;LP-9221;DipLleida;Tronc;3936; ;14159,4003906;302951;4617480;20652,8007812;303028;4618060;21490,3007812;817;818;825
533;1594;LP-9221;DipLleida;Tronc;3936; ;14159,4003906;303028;4618060;21490,3007812;303035;4618090;22068;818;974;983
545;1594;LP-9221;DipLleida;Tronc;3936; ;14159,4003906;302743;4614900;18454,4003906;302854;4614370;18413,8007812;819;820;827
544;1594;LP-9221;DipLleida;Tronc;3936; ;14159,4003906;302854;4614370;18413,8007812;303052;4613880;17807,3007812;820;821;828
543;1594;LP-9221;DipLleida;Tronc;3936; ;14159,4003906;303052;4613880;17807,3007812;303060;4613290;17721;821;822;829
542;1594;LP-9221;DipLleida;Tronc;3936; ;14159,4003906;303060;4613290;17721;303097;4612730;17268,8007812;822;823;830
541;1594;LP-9221;DipLleida;Tronc;3936; ;14159,4003906;303097;4612730;17268,8007812;303158;4612230;16311,4003906;823;824;831
540;1594;LP-9221;DipLleida;Tronc;3936; ;14159,4003906;303158;4612230;16311,4003906;303048;4611670;16370,5996094;824;825;832
539;1594;LP-9221;DipLleida;Tronc;3936; ;14159,4003906;303048;4611670;16370,5996094;302739;4611250;16069,5;825;826;833
538;1594;LP-9221;DipLleida;Tronc;3936; ;14159,4003906;302739;4611250;16069,5;302710;4611130;0;826;978;987
840;621;LP-9221; ; ;2410;LP-9221;1968,0300293;303988;4623130;0;304235;4623620;0;827;828;835
843;621;LP-9221; ; ;2410;LP-9221;1968,0300293;304235;4623620;0;304536;4624050;0;828;829;836
842;621;LP-9221; ; ;2410;LP-9221;1968,0300293;304536;4624050;0;304873;4624420;0;829;830;837
841;621;LP-9221; ; ;2410;LP-9221;1968,0300293;304873;4624420;0;305153;4624680;0;830;787;793
175;829;N-230; ; ;7756;N-230;9675,0703125;300253;4618150;0;300125;4618700;0;832;833;840
178;829;N-230; ; ;7756;N-230;9675,0703125;300125;4618700;0;299958;4619240;0;833;834;841
177;829;N-230; ; ;7756;N-230;9675,0703125;299958;4619240;0;299894;4619820;0;834;835;842
176;829;N-230; ; ;7756;N-230;9675,0703125;299894;4619820;0;299903;4620400;0;835;836;843
181;829;N-230; ; ;7756;N-230;9675,0703125;299903;4620400;0;299899;4620990;0;836;837;844
180;829;N-230; ; ;7756;N-230;9675,0703125;299899;4620990;0;299868;4621570;0;837;838;845
179;829;N-230; ; ;7756;N-230;9675,0703125;299868;4621570;0;299711;4622100;0;838;839;846
184;829;N-230; ; ;7756;N-230;9675,0703125;299711;4622100;0;299648;4622680;0;839;840;847
183;829;N-230; ; ;7756;N-230;9675,0703125;299648;4622680;0;299614;4623250;0;840;841;848
182;829;N-230; ; ;7756;N-230;9675,0703125;299614;4623250;0;299420;4623760;0;841;842;849
187;829;N-230; ; ;7756;N-230;9675,0703125;299420;4623760;0;299260;4624290;0;842;843;850
186;829;N-230; ; ;7756;N-230;9675,0703125;299260;4624290;0;299325;4624860;0;843;844;851
185;829;N-230; ; ;7756;N-230;9675,0703125;299325;4624860;0;299268;4625440;0;844;845;852
190;829;N-230; ; ;7756;N-230;9675,0703125;299268;4625440;0;299188;4626010;0;845;846;853
189;829;N-230; ; ;7756;N-230;9675,0703125;299188;4626010;0;299163;4626580;0;846;847;854
188;829;N-230; ; ;7756;N-230;9675,0703125;299163;4626580;0;299231;4627150;0;847;848;855
191;829;N-230; ; ;7756;N-230;9675,0703125;299231;4627150;0;299320;4627600;0;848;849;856
441;828;N-230; ; ;13110;N-230;5980,8901367;300926;4614470;0;300816;4615080;0;853;687;693
443;828;N-230; ; ;13110;N-230;5980,8901367;300798;4615590;0;300590;4616100;0;854;855;862
442;828;N-230; ; ;13110;N-230;5980,8901367;300590;4616100;0;300428;4616630;0;855;856;863
447;828;N-230; ; ;13110;N-230;5980,8901367;300428;4616630;0;300403;4617210;0;856;857;864
446;828;N-230; ; ;13110;N-230;5980,8901367;300403;4617210;0;300322;4617790;0;857;858;865
445;828;N-230; ; ;13110;N-230;5980,8901367;300322;4617790;0;300253;4618150;0;858;832;839
198;1745;LV-9223;DipLleida;Tronc;869; ;1904,6999512;303104;4619110;23406,9003906;302653;4619150;23622,5;971;860;867
200;1745;LV-9223;DipLleida;Tronc;869; ;1904,6999512;302653;4619150;23622,5;302394;4619620;23622,5996094;860;861;868
199;1745;LV-9223;DipLleida;Tronc;869; ;1904,6999512;302394;4619620;23622,5996094;302308;4620140;23085,5;861;862;869
201;1745;LV-9223;DipLleida;Tronc;869; ;1904,6999512;302308;4620140;23085,5;302135;4620380;0;862;863;870
51;611;L-902; ; ;888;L-902;6426,9199219;287559;4623480;0;287903;4623850;0;864;865;872
660;847;N-240; ; ;732;N-240;3727,8300781;287559;4623480;0;287504;4623520;0;864;883;890
52;611;L-902; ; ;888;L-902;6426,9199219;287903;4623850;0;288277;4624170;0;865;866;873
56;611;L-902; ; ;888;L-902;6426,9199219;288277;4624170;0;288652;4624480;0;866;867;874
55;611;L-902; ; ;888;L-902;6426,9199219;288652;4624480;0;289027;4624800;0;867;868;875
54;611;L-902; ; ;888;L-902;6426,9199219;289027;4624800;0;289402;4625110;0;868;869;876
53;611;L-902; ; ;888;L-902;6426,9199219;289402;4625110;0;289777;4625420;0;869;870;877
57;611;L-902; ; ;888;L-902;6426,9199219;289777;4625420;0;290152;4625740;0;870;871;878
61;611;L-902; ; ;888;L-902;6426,9199219;290152;4625740;0;290527;4626050;0;871;872;879
60;611;L-902; ; ;888;L-902;6426,9199219;290527;4626050;0;290902;4626370;0;872;873;880
59;611;L-902; ; ;888;L-902;6426,9199219;290902;4626370;0;291277;4626680;0;873;874;881
58;611;L-902; ; ;888;L-902;6426,9199219;291277;4626680;0;291651;4627000;0;874;875;882
62;611;L-902; ; ;888;L-902;6426,9199219;291651;4627000;0;292026;4627310;0;875;876;883
64;611;L-902; ; ;888;L-902;6426,9199219;292026;4627310;0;292401;4627620;0;876;877;884
63;611;L-902; ; ;888;L-902;6426,9199219;292401;4627620;0;292440;4627660;0;877;878;885
652;847;N-240; ; ;732;N-240;3727,8300781;288014;4621660;0;288097;4622230;0;879;880;887
934;0;N-240; ; ;732; ;0;288014;4621660;0;288023;4621610;0;879;966;975
655;847;N-240; ; ;732;N-240;3727,8300781;288097;4622230;0;288162;4622790;0;880;881;888
654;847;N-240; ; ;732;N-240;3727,8300781;288162;4622790;0;287878;4623220;0;881;882;889
653;847;N-240; ; ;732;N-240;3727,8300781;287878;4623220;0;287559;4623480;0;882;864;871
659;847;N-240; ; ;732;N-240;3727,8300781;287504;4623520;0;287095;4623720;0;883;884;891
658;847;N-240; ; ;732;N-240;3727,8300781;287095;4623720;0;286667;4623840;0;884;885;892
657;847;N-240; ; ;732;N-240;3727,8300781;286667;4623840;0;286255;4624030;0;885;886;893
656;847;N-240; ; ;732;N-240;3727,8300781;286255;4624030;0;286089;4624160;0;886;887;894
895;1351;N-240; ; ;1103;N-240;2622,6201172;286089;4624160;0;286069;4624170;0;887;913;920
896;849;N-240; ; ;9722;N-240;212,1349945;318515;4601080;0;318347;4601200;0;888;977;986
145;1350;N-240; ; ;821;N-240;9113,6396484;294132;4615190;0;293891;4615670;0;889;890;897
193;904;A-22; ; ;12411;A-22;10956,9003906;294132;4615190;0;292091;4616480;0;889;931;939
149;1350;N-240; ; ;821;N-240;9113,6396484;293891;4615670;0;293475;4615790;0;890;891;898
148;1350;N-240; ; ;821;N-240;9113,6396484;293475;4615790;0;293051;4615930;0;891;892;899
147;1350;N-240; ; ;821;N-240;9113,6396484;293051;4615930;0;292654;4616170;0;892;893;900
146;1350;N-240; ; ;821;N-240;9113,6396484;292654;4616170;0;292265;4616430;0;893;894;901
153;1350;N-240; ; ;821;N-240;9113,6396484;292265;4616430;0;291982;4616880;0;894;895;902
152;1350;N-240; ; ;821;N-240;9113,6396484;291982;4616880;0;291708;4617330;0;895;896;903
151;1350;N-240; ; ;821;N-240;9113,6396484;291708;4617330;0;291435;4617780;0;896;897;904
150;1350;N-240; ; ;821;N-240;9113,6396484;291435;4617780;0;291121;4618180;0;897;898;905
158;1350;N-240; ; ;821;N-240;9113,6396484;291121;4618180;0;290781;4618540;0;898;899;906
157;1350;N-240; ; ;821;N-240;9113,6396484;290781;4618540;0;290442;4618910;0;899;900;907
156;1350;N-240; ; ;821;N-240;9113,6396484;290442;4618910;0;290102;4619270;0;900;901;908
155;1350;N-240; ; ;821;N-240;9113,6396484;290102;4619270;0;289763;4619640;0;901;902;909
154;1350;N-240; ; ;821;N-240;9113,6396484;289763;4619640;0;289424;4620000;0;902;903;910
163;1350;N-240; ; ;821;N-240;9113,6396484;289424;4620000;0;289084;4620370;0;903;904;911
162;1350;N-240; ; ;821;N-240;9113,6396484;289084;4620370;0;288745;4620730;0;904;905;912
161;1350;N-240; ; ;821;N-240;9113,6396484;288745;4620730;0;288401;4621090;0;905;906;913
160;1350;N-240; ; ;821;N-240;9113,6396484;288401;4621090;0;288075;4621470;0;906;907;914
159;1350;N-240; ; ;821;N-240;9113,6396484;288075;4621470;0;288023;4621610;0;907;966;975
697;901;N-240a; ; ;282;N-240a;2671;287373;4622480;0;287057;4622880;0;908;909;916
696;901;N-240a; ; ;282;N-240a;2671;287057;4622880;0;286741;4623280;0;909;910;917
695;901;N-240a; ; ;282;N-240a;2671;286741;4623280;0;286104;4624070;0;910;912;919
698;901;N-240a; ; ;282;N-240a;2671;286104;4624070;0;286069;4624170;0;912;913;920
890;1351;N-240; ; ;1103;N-240;2622,6201172;286069;4624170;0;285742;4624540;0;913;914;921
892;1351;N-240; ; ;1103;N-240;2622,6201172;285742;4624540;0;285425;4624940;0;914;915;922
891;1351;N-240; ; ;1103;N-240;2622,6201172;285425;4624940;0;285110;4625340;0;915;916;923
894;1351;N-240; ; ;1103;N-240;2622,6201172;285110;4625340;0;284793;4625740;0;916;917;924
893;1351;N-240; ; ;1103;N-240;2622,6201172;284793;4625740;0;284476;4626140;0;917;918;925
195;904;A-22; ; ;12411;A-22;10956,9003906;292091;4616480;0;291432;4617230;0;931;933;941
194;904;A-22; ; ;12411;A-22;10956,9003906;291432;4617230;0;290938;4618180;0;933;935;943
197;904;A-22; ; ;12411;A-22;10956,9003906;290938;4618180;0;289139;4619810;0;935;940;948
196;904;A-22; ; ;12411;A-22;10956,9003906;289139;4619810;0;288822;4620020;0;940;941;949
764;1347;A-22; ; ;8844;A-22;1669,6700439;288822;4620020;0;287432;4620940;0;941;945;953
607;1348;A-22; ; ;8844;A-22;3863,1398926;287432;4620940;0;287037;4621190;0;945;947;955
608;1348;A-22; ; ;8844;A-22;3863,1398926;287037;4621190;0;285563;4622350;0;947;951;959
610;1348;A-22; ; ;8844;A-22;3863,1398926;285563;4622350;0;285392;4622890;0;951;952;960
609;1348;A-22; ; ;8844;A-22;3863,1398926;285392;4622890;0;285213;4623780;0;952;954;962
409;1353;A-22; ; ;8844;A-22;350,3940125;285213;4623780;0;285082;4624080;0;954;955;963
85;1354;A-22; ; ;8844;A-22;2387,5400391;285082;4624080;0;284477;4624920;0;955;957;965
86;1354;A-22; ; ;8844;A-22;2387,5400391;284477;4624920;0;283738;4626040;0;957;960;968
307;623;LV-2001; ; ;2206;LV-2001;879,5750122;318714;4602610;0;317940;4602370;0;961;996;1005
900;849;N-240; ; ;9722;N-240;3961,1999512;317678;4602500;0;317250;4602690;0;963;964;973
901;849;N-240; ; ;9722;N-240;3961,1999512;317250;4602690;0;316837;4602930;0;964;965;974
902;849;N-240; ; ;9722;N-240;3961,1999512;316837;4602930;0;316432;4603190;0;965;999;1008
602;900;N-240a; ; ;282;N-240a;633,1560059;288023;4621610;0;287668;4622080;0;966;967;976
694;901;N-240a; ; ;282;N-240a;2671;287668;4622080;0;287373;4622480;0;967;908;915
931;687;C-13z; ; ;1726; ;0;312934;4619720;0;313119;4619900;0;969;579;585
520;1594;LP-9221;DipLleida;Tronc;3936; ;14159,4003906;303129;4619190;23266,5;303371;4619510;21829;971;805;811
528;1594;LP-9221;DipLleida;Tronc;3936; ;14159,4003906;303129;4619190;23266,5;303146;4619090;23062,5996094;971;972;818
930;0; ; ; ;1594; ;0;303119;4619040;0;303304;4618570;0;972;973;982
537;1594;LP-9221;DipLleida;Tronc;3936; ;14159,4003906;302623;4615200;18686,5;302743;4614900;18454,4003906;691;819;826
903;0;LP-9221;Dipl.leida; ;3936; ;0;302623;4615200;0;302621;4615240;0;691;976;985
532;1594;LP-9221;DipLleida;Tronc;3936; ;14159,4003906;302621;4615240;18865;302595;4615810;18925,4003906;976;814;821
897;849;N-240; ; ;9722;N-240;3961,1999512;318347;4601200;0;318301;4601560;0;977;437;442
597;1345;A-2; ; ;24772;A-2;2348,5700684;306449;4612540;0;306804;4612220;0;979;682;688
904;142;C-13; ; ;6891;C-13;13188,2001953;306449;4612540;0;306532;4612640;0;979;585;528
470;619;LP-7041; ; ;5058;LP-7041;12394,7001953;290716;4601990;0;290537;4601700;0;980;56;56
907;822;AP-2; ; ;7390;AP-2;12889,5996094;290716;4601990;0;290913;4602000;0;980;109;110
172;1592;LP-7043;DipLleida;Tronc;3051; ;2538,6699219;292577;4601680;11270,5;292566;4602090;11507,2001953;981;137;138
909;822;AP-2; ; ;7390;AP-2;12889,5996094;292577;4601680;0;292649;4601660;0;981;113;114
139;883;C-230a;DipLleida;Tronc;615; ;21159,3007812;297762;4602120;16510,3007812;297838;4601620;16023,5;982;220;224
910;822;AP-2; ; ;7390;AP-2;12889,5996094;297762;4602120;0;297875;4602190;0;982;125;126
912;883;C-230a;DipLleida;Tronc;615; ;21159,3007812;297718;4600630;17078,9003906;297680;4600530;17997,5;983;222;226
758;135;C-12; ; ;5767;C-12;18559,5996094;302129;4602160;0;301911;4602600;0;984;282;286
914;823;AP-2; ; ;8277;AP-2;10774,7998047;302129;4602160;0;302188;4602100;0;984;316;321
871;1716;LV-7021;DipLleida;Tronc;121; ;9952,7001953;307580;4601560;25,7348995;307789;4601860;23594,8007812;985;355;360
916;823;AP-2; ; ;8277;AP-2;10774,7998047;307580;4601560;0;307709;4601520;0;985;329;334
678;629;LV-7023; ; ;356;LV-7023;7450,0698242;314186;4597390;0;314016;4597040;0;986;450;455
918;824;AP-2; ; ;8277;AP-2;8705,2001953;314186;4597390;0;314377;4597430;0;986;426;431
248;609;L-702; ; ;5773;L-702;4555,3500977;313305;4597410;0;313291;4597020;0;987;460;465
919;824;AP-2; ; ;8277;AP-2;8705,2001953;313305;4597410;0;313497;4597380;0;987;424;429
778;136;C-12; ; ;9187;C-12;18670,9003906;305014;4614300;0;305203;4614530;0;988;748;754
922;1346;A-2; ; ;36909;A-2;6853,6499023;305014;4614300;0;305050;4614290;0;988;697;703
486;620;LP-7041; ; ;1345;LP-7041;7860,7402344;283512;4593150;0;283149;4592940;0;990;3;3
924;425;C-45; ; ;1456;C-45;10585,2001953;283512;4593150;0;283390;4593340;0;990;31;31
440;828;N-230; ; ;13110;N-230;5980,8901367;301690;4612590;0;300926;4614470;0;991;853;860
492;679;C-13B;Generalitat;Tronc;6407; ;4371,7700195;306580;4608610;0;306843;4608790;0;993;568;574
99;630;LV-9225; ; ;861;LV-9225;7911,3701172;311580;4622250;0;311836;4621870;0;994;804;810
803;136;C-12; ; ;9187;C-12;18670,9003906;311580;4622250;0;311660;4622520;0;994;769;775
689;1340;LL-11; ; ;16108;LL-11;311,9689941;312679;4611290;0;312455;4611100;0;995;621;627
899;849;N-240; ; ;9722;N-240;3961,1999512;317940;4602370;0;317678;4602500;0;996;963;972
932;0;N-240; ; ;9722; ;0;317940;4602370;0;318093;4602270;0;996;962;971
926;851;N-240; ; ;10351;N-240;4586,9702148;306616;4608700;0;306532;4608630;0;997;522;528
769;686;C-13z;Generalitat;Tronc;1726; ;4599,9501953;309850;4616380;18142,6992188;309957;4616580;18473,3007812;595;717;723
104;849;N-240; ; ;9722;N-240;3961,1999512;316432;4603190;0;315672;4603680;0;999;488;493
