"";"FID";"FID_";"Id";"x";"y";"id_2";"x2";"y2";"x3";"y3"
"1";0;0;0;"284276,0000000";"4593860,0000000";0;0;0;284276;4593860
"2";1;1;1;"283902,0000000";"4593540,0000000";1;0;0;283902;4593540
"3";2;2;2;"283548,0000000";"4593180,0000000";2;0;0;283548;4593180
"4";3;3;3;"283149,0000000";"4592940,0000000";3;0;0;283149;4592940
"5";4;4;4;"282779,0000000";"4592620,0000000";4;0;0;282779;4592620
"6";5;5;5;"282389,0000000";"4592330,0000000";5;0;0;282389;4592330
"7";6;6;6;"281993,0000000";"4592070,0000000";6;0;0;281993;4592070
"8";7;7;7;"281634,0000000";"4591720,0000000";7;0;0;281634;4591720
"9";8;8;8;"281268,0000000";"4591390,0000000";8;0;0;281268;4591390
"10";9;9;9;"280889,0000000";"4591090,0000000";9;0;0;280889;4591090
"11";10;10;10;"280488,0000000";"4590830,0000000";10;0;0;280488;4590830
"12";11;11;11;"280085,0000000";"4590580,0000000";11;0;0;280085;4590580
"13";12;12;12;"279683,0000000";"4590330,0000000";12;0;0;279683;4590330
"14";13;13;13;"279311,0000000";"4590020,0000000";13;0;0;279311;4590020
"15";14;14;14;"279022,0000000";"4589570,0000000";14;0;0;279022;4589570
"16";15;15;15;"278716,0000000";"4589140,0000000";15;0;0;278716;4589140
"17";16;16;16;"278736,0000000";"4588670,0000000";16;0;0;278736;4588670
"18";17;17;17;"286986,0000000";"4587690,0000000";17;0;0;286986;4587690
"20";19;19;19;"286571,0000000";"4588670,0000000";19;0;0;286571;4588670
"21";20;20;20;"286606,0000000";"4589250,0000000";20;0;0;286606;4589250
"23";22;22;22;"286387,0000000";"4590290,0000000";22;0;0;286387;4590290
"24";23;23;23;"286088,0000000";"4590720,0000000";23;0;0;286088;4590720
"25";24;24;24;"285811,0000000";"4591170,0000000";24;0;0;285811;4591170
"26";25;25;25;"285443,0000000";"4591460,0000000";25;0;0;285443;4591460
"27";26;26;26;"285080,0000000";"4591780,0000000";26;0;0;285080;4591780
"28";27;27;27;"284775,0000000";"4592170,0000000";27;0;0;284775;4592170
"29";28;28;28;"284394,0000000";"4592450,0000000";28;0;0;284394;4592450
"30";29;29;29;"284123,0000000";"4592910,0000000";29;0;0;284123;4592910
"31";30;30;30;"283733,0000000";"4593050,0000000";30;0;0;283733;4593050
"32";31;31;31;"283390,0000000";"4593340,0000000";31;0;0;283390;4593340
"33";32;32;32;"283158,0000000";"4593820,0000000";32;0;0;283158;4593820
"34";33;33;33;"282824,0000000";"4594190,0000000";33;0;0;282824;4594190
"35";34;34;34;"282459,0000000";"4594510,0000000";34;0;0;282459;4594510
"36";35;35;35;"282095,0000000";"4594830,0000000";35;0;0;282095;4594830
"37";36;36;36;"281759,0000000";"4595200,0000000";36;0;0;281759;4595200
"38";37;37;37;"281580,0000000";"4595700,0000000";37;0;0;281580;4595700
"39";38;38;38;"281560,0000000";"4595930,0000000";38;0;0;281560;4595930
"40";39;39;39;"279456,0000000";"4593140,0000000";39;0;0;279456;4593140
"41";40;40;40;"279876,0000000";"4593300,0000000";40;0;0;279876;4593300
"42";41;41;41;"280289,0000000";"4593480,0000000";41;0;0;280289;4593480
"43";42;42;42;"280713,0000000";"4593570,0000000";42;0;0;280713;4593570
"44";43;43;43;"281048,0000000";"4593920,0000000";43;0;0;281048;4593920
"45";44;44;44;"281296,0000000";"4594400,0000000";44;0;0;281296;4594400
"46";45;45;45;"281588,0000000";"4594840,0000000";45;0;0;281588;4594840
"47";46;46;46;"283271,0000000";"4593520,0000000";47;0;0;283271;4593520
"48";47;47;47;"282870,0000000";"4593570,0000000";48;0;0;282870;4593570
"49";48;48;48;"282448,0000000";"4593660,0000000";49;0;0;282448;4593660
"50";49;49;49;"282029,0000000";"4593790,0000000";50;0;0;282029;4593790
"51";50;50;50;"281594,0000000";"4593860,0000000";51;0;0;281594;4593860
"52";51;51;51;"281157,0000000";"4593820,0000000";52;0;0;281157;4593820
"53";52;52;52;"280789,0000000";"4593610,0000000";53;0;0;280789;4593610
"54";53;53;53;"291290,0000000";"4603140,0000000";54;0;0;291290;4603140
"55";54;54;54;"291066,0000000";"4602640,0000000";55;0;0;291066;4602640
"56";55;55;55;"290824,0000000";"4602150,0000000";56;0;0;290824;4602150
"57";56;56;56;"290537,0000000";"4601700,0000000";57;0;0;290537;4601700
"58";57;57;57;"290169,0000000";"4601400,0000000";58;0;0;290169;4601400
"59";58;58;58;"290069,0000000";"4600830,0000000";59;0;0;290069;4600830
"60";59;59;59;"289984,0000000";"4600320,0000000";60;0;0;289984;4600320
"61";60;60;60;"289791,0000000";"4599810,0000000";61;0;0;289791;4599810
"62";61;61;61;"289605,0000000";"4599280,0000000";62;0;0;289605;4599280
"63";62;62;62;"289483,0000000";"4598720,0000000";63;0;0;289483;4598720
"64";63;63;63;"289268,0000000";"4598210,0000000";64;0;0;289268;4598210
"65";64;64;64;"289001,0000000";"4597780,0000000";65;0;0;289001;4597780
"66";65;65;65;"288708,0000000";"4597410,0000000";66;0;0;288708;4597410
"67";66;66;66;"288296,0000000";"4597190,0000000";67;0;0;288296;4597190
"68";67;67;67;"288002,0000000";"4596780,0000000";68;0;0;288002;4596780
"69";68;68;68;"287690,0000000";"4596380,0000000";69;0;0;287690;4596380
"70";69;69;69;"287325,0000000";"4596080,0000000";70;0;0;287325;4596080
"71";70;70;70;"286938,0000000";"4595800,0000000";71;0;0;286938;4595800
"72";71;71;71;"286550,0000000";"4595530,0000000";72;0;0;286550;4595530
"73";72;72;72;"286163,0000000";"4595250,0000000";73;0;0;286163;4595250
"74";73;73;73;"285763,0000000";"4594990,0000000";74;0;0;285763;4594990
"75";74;74;74;"285377,0000000";"4594700,0000000";75;0;0;285377;4594700
"76";75;75;75;"284990,0000000";"4594410,0000000";76;0;0;284990;4594410
"77";76;76;76;"284660,0000000";"4594030,0000000";77;0;0;284660;4594030
"79";78;78;78;"283867,0000000";"4598150,0000000";79;0;0;283867;4598150
"80";79;79;79;"284295,0000000";"4598300,0000000";80;0;0;284295;4598300
"81";80;80;80;"284734,0000000";"4598360,0000000";81;0;0;284734;4598360
"82";81;81;81;"285171,0000000";"4598440,0000000";82;0;0;285171;4598440
"83";82;82;82;"285591,0000000";"4598630,0000000";83;0;0;285591;4598630
"84";83;83;83;"286022,0000000";"4598760,0000000";84;0;0;286022;4598760
"85";84;84;84;"286457,0000000";"4598860,0000000";85;0;0;286457;4598860
"86";85;85;85;"286866,0000000";"4599080,0000000";86;0;0;286866;4599080
"87";86;86;86;"287260,0000000";"4599360,0000000";87;0;0;287260;4599360
"88";87;87;87;"287686,0000000";"4599510,0000000";88;0;0;287686;4599510
"89";88;88;88;"288115,0000000";"4599650,0000000";89;0;0;288115;4599650
"90";89;89;89;"288509,0000000";"4599920,0000000";90;0;0;288509;4599920
"91";90;90;90;"288825,0000000";"4600330,0000000";91;0;0;288825;4600330
"92";91;91;91;"289083,0000000";"4600810,0000000";92;0;0;289083;4600810
"93";92;92;92;"289314,0000000";"4601190,0000000";93;0;0;289314;4601190
"94";93;93;93;"286392,0000000";"4601520,0000000";94;0;0;286392;4601520
"95";94;94;94;"286832,0000000";"4601530,0000000";95;0;0;286832;4601530
"96";95;95;95;"287259,0000000";"4601680,0000000";96;0;0;287259;4601680
"97";96;96;96;"287698,0000000";"4601680,0000000";97;0;0;287698;4601680
"98";97;97;97;"288133,0000000";"4601610,0000000";98;0;0;288133;4601610
"99";98;98;98;"288554,0000000";"4601730,0000000";99;0;0;288554;4601730
"100";99;99;99;"288537,0000000";"4601720,0000000";100;0;0;288537;4601720
"101";100;101;101;"289355,0000000";"4602180,0000000";102;0;0;289355;4602180
"102";101;102;102;"289768,0000000";"4602390,0000000";103;0;0;289768;4602390
"103";102;103;103;"290192,0000000";"4602560,0000000";104;0;0;290192;4602560
"104";103;104;104;"290583,0000000";"4602820,0000000";105;0;0;290583;4602820
"105";104;105;105;"290642,0000000";"4602910,0000000";106;0;0;290642;4602910
"106";105;106;106;"289302,0000000";"4601180,0000000";107;0;0;289302;4601180
"107";106;107;107;"289648,0000000";"4601540,0000000";108;0;0;289648;4601540
"108";107;108;108;"290047,0000000";"4601800,0000000";109;0;0;290047;4601800
"109";108;109;109;"290474,0000000";"4601950,0000000";110;0;0;290474;4601950
"110";109;110;110;"290913,0000000";"4602000,0000000";111;0;0;290913;4602000
"111";110;111;111;"291353,0000000";"4601970,0000000";112;0;0;291353;4601970
"112";111;112;112;"291788,0000000";"4601890,0000000";113;0;0;291788;4601890
"113";112;113;113;"292218,0000000";"4601770,0000000";114;0;0;292218;4601770
"114";113;114;114;"292649,0000000";"4601660,0000000";115;0;0;292649;4601660
"115";114;115;115;"293083,0000000";"4601560,0000000";116;0;0;293083;4601560
"116";115;116;116;"293521,0000000";"4601510,0000000";117;0;0;293521;4601510
"117";116;117;117;"293961,0000000";"4601500,0000000";118;0;0;293961;4601500
"118";117;118;118;"294401,0000000";"4601530,0000000";119;0;0;294401;4601530
"119";118;119;119;"294840,0000000";"4601610,0000000";120;0;0;294840;4601610
"120";119;120;120;"295277,0000000";"4601690,0000000";121;0;0;295277;4601690
"121";120;121;121;"295716,0000000";"4601750,0000000";122;0;0;295716;4601750
"122";121;122;122;"296156,0000000";"4601760,0000000";123;0;0;296156;4601760
"123";122;123;123;"296597,0000000";"4601770,0000000";124;0;0;296597;4601770
"124";123;124;124;"297036,0000000";"4601830,0000000";125;0;0;297036;4601830
"125";124;125;125;"297465,0000000";"4601970,0000000";126;0;0;297465;4601970
"126";125;126;126;"297875,0000000";"4602190,0000000";127;0;0;297875;4602190
"127";126;127;127;"298263,0000000";"4602480,0000000";128;0;0;298263;4602480
"128";127;128;128;"298659,0000000";"4602740,0000000";129;0;0;298659;4602740
"129";128;129;129;"299077,0000000";"4602930,0000000";130;0;0;299077;4602930
"130";129;130;130;"299510,0000000";"4603050,0000000";131;0;0;299510;4603050
"131";130;131;131;"299950,0000000";"4603100,0000000";132;0;0;299950;4603100
"132";131;132;132;"300389,0000000";"4603070,0000000";133;0;0;300389;4603070
"133";132;133;133;"300823,0000000";"4602980,0000000";134;0;0;300823;4602980
"134";133;134;134;"301243,0000000";"4602810,0000000";135;0;0;301243;4602810
"135";134;135;135;"301456,0000000";"4602700,0000000";136;0;0;301456;4602700
"136";135;136;136;"292588,0000000";"4601180,0000000";137;0;0;292588;4601180
"137";136;137;137;"292472,0000000";"4601610,0000000";138;0;0;292472;4601610
"138";137;138;138;"292566,0000000";"4602090,0000000";139;0;0;292566;4602090
"139";138;139;139;"292344,0000000";"4602590,0000000";140;0;0;292344;4602590
"140";139;140;140;"292115,0000000";"4603090,0000000";141;0;0;292115;4603090
"141";140;141;141;"291958,0000000";"4603420,0000000";142;0;0;291958;4603420
"142";141;142;142;"292633,0000000";"4606390,0000000";143;0;0;292633;4606390
"144";143;144;144;"292103,0000000";"4607310,0000000";145;0;0;292103;4607310
"145";144;145;145;"291782,0000000";"4607710,0000000";146;0;0;291782;4607710
"146";145;146;146;"291386,0000000";"4607930,0000000";147;0;0;291386;4607930
"147";146;147;147;"290960,0000000";"4608070,0000000";148;0;0;290960;4608070
"148";147;148;148;"290534,0000000";"4608210,0000000";149;0;0;290534;4608210
"149";148;149;149;"290107,0000000";"4608340,0000000";150;0;0;290107;4608340
"150";149;150;150;"289681,0000000";"4608480,0000000";151;0;0;289681;4608480
"151";150;151;151;"289254,0000000";"4608620,0000000";152;0;0;289254;4608620
"152";151;152;152;"288828,0000000";"4608750,0000000";153;0;0;288828;4608750
"153";152;153;153;"288402,0000000";"4608890,0000000";154;0;0;288402;4608890
"154";153;154;154;"287975,0000000";"4609030,0000000";155;0;0;287975;4609030
"155";154;155;155;"287550,0000000";"4609170,0000000";156;0;0;287550;4609170
"156";155;156;156;"287141,0000000";"4609370,0000000";157;0;0;287141;4609370
"157";156;157;157;"286719,0000000";"4609380,0000000";158;0;0;286719;4609380
"158";157;158;158;"286288,0000000";"4609440,0000000";159;0;0;286288;4609440
"159";158;159;159;"285862,0000000";"4609580,0000000";160;0;0;285862;4609580
"160";159;160;160;"285437,0000000";"4609720,0000000";161;0;0;285437;4609720
"162";161;162;162;"284586,0000000";"4610000,0000000";163;0;0;284586;4610000
"163";162;163;163;"284383,0000000";"4610430,0000000";164;0;0;284383;4610430
"164";163;164;164;"283989,0000000";"4610430,0000000";165;0;0;283989;4610430
"165";164;165;165;"283559,0000000";"4610310,0000000";166;0;0;283559;4610310
"166";165;166;166;"283129,0000000";"4610520,0000000";167;0;0;283129;4610520
"167";166;167;167;"290632,0000000";"4602890,0000000";168;0;0;290632;4602890
"168";167;168;168;"290817,0000000";"4603430,0000000";169;0;0;290817;4603430
"169";168;169;169;"291060,0000000";"4603920,0000000";170;0;0;291060;4603920
"170";169;170;170;"291393,0000000";"4604310,0000000";171;0;0;291393;4604310
"171";170;171;171;"291716,0000000";"4604710,0000000";172;0;0;291716;4604710
"172";171;172;172;"291954,0000000";"4605210,0000000";173;0;0;291954;4605210
"173";172;173;173;"292231,0000000";"4605670,0000000";174;0;0;292231;4605670
"174";173;174;174;"292507,0000000";"4606130,0000000";175;0;0;292507;4606130
"175";174;175;175;"292761,0000000";"4606610,0000000";176;0;0;292761;4606610
"176";175;176;176;"293077,0000000";"4607030,0000000";177;0;0;293077;4607030
"177";176;177;177;"293384,0000000";"4607460,0000000";178;0;0;293384;4607460
"178";177;178;178;"293646,0000000";"4607930,0000000";179;0;0;293646;4607930
"179";178;179;179;"293903,0000000";"4608410,0000000";180;0;0;293903;4608410
"180";179;180;180;"294272,0000000";"4608730,0000000";181;0;0;294272;4608730
"181";180;181;181;"294686,0000000";"4608940,0000000";182;0;0;294686;4608940
"182";181;182;182;"295075,0000000";"4609220,0000000";183;0;0;295075;4609220
"183";182;183;183;"295382,0000000";"4609640,0000000";184;0;0;295382;4609640
"184";183;184;184;"295677,0000000";"4610080,0000000";185;0;0;295677;4610080
"185";184;185;185;"295950,0000000";"4610540,0000000";186;0;0;295950;4610540
"186";185;186;186;"296025,0000000";"4611110,0000000";187;0;0;296025;4611110
"187";186;187;187;"296141,0000000";"4611680,0000000";188;0;0;296141;4611680
"188";187;188;188;"296260,0000000";"4612240,0000000";189;0;0;296260;4612240
"189";188;189;189;"296531,0000000";"4612710,0000000";190;0;0;296531;4612710
"190";189;190;190;"296900,0000000";"4613030,0000000";191;0;0;296900;4613030
"191";190;191;191;"297281,0000000";"4613420,0000000";192;0;0;297281;4613420
"192";191;192;192;"290532,0000000";"4602770,0000000";193;0;0;290532;4602770
"193";192;193;193;"290944,0000000";"4602980,0000000";194;0;0;290944;4602980
"194";193;194;194;"291364,0000000";"4603170,0000000";195;0;0;291364;4603170
"195";194;195;195;"291792,0000000";"4603310,0000000";196;0;0;291792;4603310
"196";195;196;196;"292185,0000000";"4603580,0000000";197;0;0;292185;4603580
"197";196;197;197;"292576,0000000";"4603860,0000000";198;0;0;292576;4603860
"198";197;198;198;"292939,0000000";"4604200,0000000";199;0;0;292939;4604200
"199";198;199;199;"293358,0000000";"4604090,0000000";200;0;0;293358;4604090
"201";200;201;201;"294059,0000000";"4604530,0000000";202;0;0;294059;4604530
"202";201;202;202;"294456,0000000";"4604790,0000000";203;0;0;294456;4604790
"203";202;203;203;"294862,0000000";"4605030,0000000";204;0;0;294862;4605030
"204";203;204;204;"295278,0000000";"4605220,0000000";205;0;0;295278;4605220
"205";204;205;205;"295705,0000000";"4605370,0000000";206;0;0;295705;4605370
"206";205;206;206;"296111,0000000";"4605600,0000000";207;0;0;296111;4605600
"207";206;207;207;"296501,0000000";"4605880,0000000";208;0;0;296501;4605880
"209";208;209;209;"297271,0000000";"4606460,0000000";210;0;0;297271;4606460
"210";209;212;212;"298149,0000000";"4607140,0000000";213;0;0;298149;4607140
"211";210;214;214;"299039,0000000";"4604370,0000000";215;0;0;299039;4604370
"212";211;215;215;"299402,0000000";"4604700,0000000";216;0;0;299402;4604700
"213";212;216;216;"299829,0000000";"4604830,0000000";217;0;0;299829;4604830
"214";213;217;217;"300257,0000000";"4604950,0000000";218;0;0;300257;4604950
"215";214;218;218;"298486,0000000";"4604080,0000000";219;0;0;298486;4604080
"216";215;219;219;"298062,0000000";"4603940,0000000";220;0;0;298062;4603940
"217";216;220;220;"297678,0000000";"4603690,0000000";221;0;0;297678;4603690
"218";217;221;221;"297599,0000000";"4603320,0000000";222;0;0;297599;4603320
"219";218;222;222;"297665,0000000";"4602770,0000000";223;0;0;297665;4602770
"220";219;223;223;"297750,0000000";"4602200,0000000";224;0;0;297750;4602200
"221";220;224;224;"297838,0000000";"4601620,0000000";225;0;0;297838;4601620
"222";221;225;225;"297893,0000000";"4601050,0000000";226;0;0;297893;4601050
"223";222;226;226;"297680,0000000";"4600530,0000000";227;0;0;297680;4600530
"224";223;227;227;"297468,0000000";"4600020,0000000";228;0;0;297468;4600020
"225";224;228;228;"297158,0000000";"4599660,0000000";229;0;0;297158;4599660
"226";225;229;229;"296749,0000000";"4599450,0000000";230;0;0;296749;4599450
"227";226;230;230;"296901,0000000";"4598950,0000000";231;0;0;296901;4598950
"228";227;231;231;"296841,0000000";"4598380,0000000";232;0;0;296841;4598380
"229";228;232;232;"296565,0000000";"4597950,0000000";233;0;0;296565;4597950
"230";229;233;233;"296469,0000000";"4597390,0000000";234;0;0;296469;4597390
"231";230;234;234;"296365,0000000";"4596850,0000000";235;0;0;296365;4596850
"232";231;235;235;"296344,0000000";"4596260,0000000";236;0;0;296344;4596260
"233";232;236;236;"296326,0000000";"4595680,0000000";237;0;0;296326;4595680
"234";233;237;237;"296307,0000000";"4595090,0000000";238;0;0;296307;4595090
"236";235;239;239;"296398,0000000";"4593940,0000000";240;0;0;296398;4593940
"237";236;240;240;"296611,0000000";"4593450,0000000";241;0;0;296611;4593450
"238";237;241;241;"296622,0000000";"4592960,0000000";242;0;0;296622;4592960
"239";238;242;242;"296267,0000000";"4592650,0000000";243;0;0;296267;4592650
"240";239;243;243;"296017,0000000";"4592180,0000000";244;0;0;296017;4592180
"241";240;244;244;"296030,0000000";"4591620,0000000";245;0;0;296030;4591620
"242";241;245;245;"296050,0000000";"4591060,0000000";246;0;0;296050;4591060
"243";242;246;246;"296137,0000000";"4590550,0000000";247;0;0;296137;4590550
"244";243;247;247;"296462,0000000";"4590170,0000000";248;0;0;296462;4590170
"245";244;248;248;"296787,0000000";"4589860,0000000";249;0;0;296787;4589860
"246";245;249;249;"296824,0000000";"4589320,0000000";250;0;0;296824;4589320
"247";246;250;250;"297093,0000000";"4588870,0000000";251;0;0;297093;4588870
"248";247;251;251;"297062,0000000";"4588300,0000000";252;0;0;297062;4588300
"249";248;252;252;"297030,0000000";"4587730,0000000";253;0;0;297030;4587730
"250";249;253;253;"297051,0000000";"4587610,0000000";254;0;0;297051;4587610
"251";250;254;254;"298064,0000000";"4587610,0000000";255;0;0;298064;4587610
"252";251;255;255;"298237,0000000";"4588140,0000000";256;0;0;298237;4588140
"253";252;256;256;"298289,0000000";"4588720,0000000";257;0;0;298289;4588720
"254";253;257;257;"298158,0000000";"4589250,0000000";258;0;0;298158;4589250
"255";254;258;258;"298063,0000000";"4589760,0000000";259;0;0;298063;4589760
"256";255;259;259;"298122,0000000";"4590290,0000000";260;0;0;298122;4590290
"257";256;260;260;"297970,0000000";"4590840,0000000";261;0;0;297970;4590840
"258";257;261;261;"297980,0000000";"4591370,0000000";262;0;0;297980;4591370
"259";258;262;262;"297672,0000000";"4591780,0000000";263;0;0;297672;4591780
"260";259;263;263;"297637,0000000";"4592360,0000000";264;0;0;297637;4592360
"261";260;264;264;"297737,0000000";"4592920,0000000";265;0;0;297737;4592920
"262";261;265;265;"298082,0000000";"4593280,0000000";266;0;0;298082;4593280
"263";262;266;266;"298354,0000000";"4593740,0000000";267;0;0;298354;4593740
"264";263;267;267;"298652,0000000";"4594170,0000000";268;0;0;298652;4594170
"265";264;268;268;"299069,0000000";"4594360,0000000";269;0;0;299069;4594360
"266";265;269;269;"299378,0000000";"4594720,0000000";270;0;0;299378;4594720
"267";266;270;270;"299717,0000000";"4595090,0000000";271;0;0;299717;4595090
"268";267;271;271;"300042,0000000";"4595490,0000000";272;0;0;300042;4595490
"269";268;272;272;"300420,0000000";"4595790,0000000";273;0;0;300420;4595790
"270";269;273;273;"300744,0000000";"4596190,0000000";274;0;0;300744;4596190
"271";270;274;274;"300934,0000000";"4596720,0000000";275;0;0;300934;4596720
"272";271;275;275;"301102,0000000";"4597240,0000000";276;0;0;301102;4597240
"273";272;276;276;"301325,0000000";"4597740,0000000";277;0;0;301325;4597740
"274";273;277;277;"301388,0000000";"4598320,0000000";278;0;0;301388;4598320
"275";274;278;278;"301497,0000000";"4598860,0000000";279;0;0;301497;4598860
"276";275;279;279;"301904,0000000";"4599080,0000000";280;0;0;301904;4599080
"277";276;280;280;"302141,0000000";"4599530,0000000";281;0;0;302141;4599530
"278";277;281;281;"302291,0000000";"4600060,0000000";282;0;0;302291;4600060
"279";278;282;282;"302583,0000000";"4600490,0000000";283;0;0;302583;4600490
"280";279;283;283;"302530,0000000";"4601070,0000000";284;0;0;302530;4601070
"281";280;284;284;"302340,0000000";"4601590,0000000";285;0;0;302340;4601590
"282";281;285;285;"302144,0000000";"4602110,0000000";286;0;0;302144;4602110
"283";282;286;286;"301911,0000000";"4602600,0000000";287;0;0;301911;4602600
"284";283;287;287;"301810,0000000";"4603120,0000000";288;0;0;301810;4603120
"285";284;288;288;"301668,0000000";"4603610,0000000";289;0;0;301668;4603610
"286";285;290;290;"306172,0000000";"4587550,0000000";291;0;0;306172;4587550
"287";286;291;291;"305763,0000000";"4587680,0000000";292;0;0;305763;4587680
"288";287;292;292;"305507,0000000";"4588060,0000000";293;0;0;305507;4588060
"289";288;293;293;"305407,0000000";"4588510,0000000";294;0;0;305407;4588510
"290";289;294;294;"305021,0000000";"4588740,0000000";295;0;0;305021;4588740
"291";290;295;295;"304657,0000000";"4588960,0000000";296;0;0;304657;4588960
"292";291;296;296;"304344,0000000";"4589280,0000000";297;0;0;304344;4589280
"293";292;297;297;"303939,0000000";"4589470,0000000";298;0;0;303939;4589470
"294";293;298;298;"303552,0000000";"4589610,0000000";299;0;0;303552;4589610
"295";294;299;299;"303248,0000000";"4589920,0000000";300;0;0;303248;4589920
"296";295;300;300;"303329,0000000";"4590470,0000000";301;0;0;303329;4590470
"297";296;301;301;"303000,0000000";"4590820,0000000";302;0;0;303000;4590820
"298";297;302;302;"302702,0000000";"4591240,0000000";303;0;0;302702;4591240
"299";298;303;303;"302498,0000000";"4591530,0000000";304;0;0;302498;4591530
"301";300;305;305;"302184,0000000";"4591930,0000000";306;0;0;302184;4591930
"302";301;306;306;"301913,0000000";"4592390,0000000";307;0;0;301913;4592390
"303";302;307;307;"301669,0000000";"4592870,0000000";308;0;0;301669;4592870
"304";303;308;308;"301656,0000000";"4593420,0000000";309;0;0;301656;4593420
"305";304;309;309;"301662,0000000";"4593990,0000000";310;0;0;301662;4593990
"306";305;310;310;"301403,0000000";"4594440,0000000";311;0;0;301403;4594440
"307";306;311;311;"301129,0000000";"4594850,0000000";312;0;0;301129;4594850
"308";307;312;312;"300973,0000000";"4595380,0000000";313;0;0;300973;4595380
"309";308;313;313;"300907,0000000";"4595950,0000000";314;0;0;300907;4595950
"310";309;314;314;"300766,0000000";"4596220,0000000";315;0;0;300766;4596220
"311";310;315;315;"299024,0000000";"4599680,0000000";316;0;0;299024;4599680
"312";311;316;316;"298613,0000000";"4599880,0000000";317;0;0;298613;4599880
"313";312;317;317;"298301,0000000";"4600270,0000000";318;0;0;298301;4600270
"314";313;318;318;"297899,0000000";"4600490,0000000";319;0;0;297899;4600490
"315";314;319;319;"301441,0000000";"4602710,0000000";321;0;0;301441;4602710
"316";315;320;320;"301826,0000000";"4602430,0000000";322;0;0;301826;4602430
"317";316;321;321;"302188,0000000";"4602100,0000000";323;0;0;302188;4602100
"318";317;322;322;"302573,0000000";"4601830,0000000";324;0;0;302573;4601830
"319";318;323;323;"302989,0000000";"4601650,0000000";325;0;0;302989;4601650
"320";319;324;324;"303401,0000000";"4601450,0000000";326;0;0;303401;4601450
"321";320;325;325;"303795,0000000";"4601200,0000000";327;0;0;303795;4601200
"322";321;326;326;"304224,0000000";"4601080,0000000";328;0;0;304224;4601080
"323";322;327;327;"304663,0000000";"4601120,0000000";329;0;0;304663;4601120
"324";323;328;328;"305096,0000000";"4601240,0000000";330;0;0;305096;4601240
"325";324;329;329;"305536,0000000";"4601260,0000000";331;0;0;305536;4601260
"326";325;330;330;"305974,0000000";"4601320,0000000";332;0;0;305974;4601320
"327";326;331;331;"306401,0000000";"4601470,0000000";333;0;0;306401;4601470
"328";327;332;332;"306834,0000000";"4601590,0000000";334;0;0;306834;4601590
"329";328;333;333;"307274,0000000";"4601600,0000000";335;0;0;307274;4601600
"330";329;334;334;"307709,0000000";"4601520,0000000";336;0;0;307709;4601520
"331";330;335;335;"308125,0000000";"4601340,0000000";337;0;0;308125;4601340
"332";331;336;336;"308505,0000000";"4601050,0000000";338;0;0;308505;4601050
"333";332;337;337;"308833,0000000";"4600670,0000000";339;0;0;308833;4600670
"334";333;338;338;"309162,0000000";"4600290,0000000";340;0;0;309162;4600290
"335";334;339;339;"309532,0000000";"4599980,0000000";341;0;0;309532;4599980
"336";335;340;340;"309931,0000000";"4599740,0000000";342;0;0;309931;4599740
"337";336;341;341;"310339,0000000";"4599520,0000000";343;0;0;310339;4599520
"338";337;342;342;"310730,0000000";"4599260,0000000";344;0;0;310730;4599260
"339";338;343;343;"310824,0000000";"4599180,0000000";345;0;0;310824;4599180
"340";339;344;344;"306516,0000000";"4594310,0000000";346;0;0;306516;4594310
"341";340;345;345;"306371,0000000";"4594820,0000000";347;0;0;306371;4594820
"342";341;346;346;"306070,0000000";"4595240,0000000";348;0;0;306070;4595240
"343";342;347;347;"305867,0000000";"4595740,0000000";349;0;0;305867;4595740
"344";343;348;348;"306074,0000000";"4596210,0000000";350;0;0;306074;4596210
"345";344;349;349;"305830,0000000";"4596600,0000000";351;0;0;305830;4596600
"346";345;350;350;"305819,0000000";"4597090,0000000";352;0;0;305819;4597090
"347";346;351;351;"306200,0000000";"4597380,0000000";353;0;0;306200;4597380
"348";347;352;352;"306568,0000000";"4597660,0000000";354;0;0;306568;4597660
"349";348;353;353;"306691,0000000";"4598210,0000000";355;0;0;306691;4598210
"350";349;354;354;"306963,0000000";"4598670,0000000";356;0;0;306963;4598670
"351";350;355;355;"307221,0000000";"4599140,0000000";357;0;0;307221;4599140
"352";351;356;356;"307321,0000000";"4599710,0000000";358;0;0;307321;4599710
"353";352;357;357;"307426,0000000";"4600270,0000000";359;0;0;307426;4600270
"354";353;358;358;"307485,0000000";"4600830,0000000";360;0;0;307485;4600830
"355";354;359;359;"307535,0000000";"4601400,0000000";361;0;0;307535;4601400
"356";355;360;360;"307789,0000000";"4601860,0000000";362;0;0;307789;4601860
"357";356;361;361;"308129,0000000";"4602230,0000000";363;0;0;308129;4602230
"358";357;362;362;"308469,0000000";"4602570,0000000";364;0;0;308469;4602570
"359";358;363;363;"308648,0000000";"4602710,0000000";365;0;0;308648;4602710
"360";359;364;364;"307073,0000000";"4593140,0000000";366;0;0;307073;4593140
"361";360;365;365;"306850,0000000";"4593550,0000000";367;0;0;306850;4593550
"362";361;366;366;"306550,0000000";"4593940,0000000";368;0;0;306550;4593940
"365";364;369;369;"313029,0000000";"4587500,0000000";371;0;0;313029;4587500
"366";365;370;370;"313035,0000000";"4588040,0000000";372;0;0;313035;4588040
"367";366;371;371;"312917,0000000";"4588450,0000000";373;0;0;312917;4588450
"368";367;372;372;"312546,0000000";"4588750,0000000";374;0;0;312546;4588750
"369";368;373;373;"312144,0000000";"4588940,0000000";375;0;0;312144;4588940
"370";369;374;374;"311851,0000000";"4589350,0000000";376;0;0;311851;4589350
"371";370;375;375;"311715,0000000";"4589860,0000000";377;0;0;311715;4589860
"372";371;376;376;"311618,0000000";"4590340,0000000";378;0;0;311618;4590340
"373";372;377;377;"311369,0000000";"4590810,0000000";379;0;0;311369;4590810
"374";373;378;378;"311121,0000000";"4590970,0000000";380;0;0;311121;4590970
"375";374;379;379;"309529,0000000";"4587520,0000000";381;0;0;309529;4587520
"376";375;380;380;"309582,0000000";"4587740,0000000";382;0;0;309582;4587740
"377";376;381;381;"309902,0000000";"4588140,0000000";383;0;0;309902;4588140
"378";377;382;382;"309940,0000000";"4588710,0000000";384;0;0;309940;4588710
"379";378;383;383;"310213,0000000";"4589150,0000000";385;0;0;310213;4589150
"380";379;384;384;"310331,0000000";"4589690,0000000";386;0;0;310331;4589690
"381";380;385;385;"310556,0000000";"4590140,0000000";387;0;0;310556;4590140
"382";381;386;386;"310689,0000000";"4590470,0000000";388;0;0;310689;4590470
"383";382;387;387;"311076,0000000";"4590550,0000000";389;0;0;311076;4590550
"384";383;388;388;"311018,0000000";"4590880,0000000";390;0;0;311018;4590880
"385";384;389;389;"311427,0000000";"4591020,0000000";391;0;0;311427;4591020
"386";385;390;390;"311744,0000000";"4591150,0000000";392;0;0;311744;4591150
"387";386;391;391;"311582,0000000";"4591350,0000000";393;0;0;311582;4591350
"388";387;392;392;"311598,0000000";"4591470,0000000";394;0;0;311598;4591470
"389";388;393;393;"311305,0000000";"4591750,0000000";395;0;0;311305;4591750
"390";389;394;394;"311668,0000000";"4592090,0000000";396;0;0;311668;4592090
"391";390;395;395;"311610,0000000";"4592560,0000000";397;0;0;311610;4592560
"392";391;396;396;"311495,0000000";"4592990,0000000";398;0;0;311495;4592990
"393";392;397;397;"311455,0000000";"4593490,0000000";399;0;0;311455;4593490
"394";393;398;398;"311181,0000000";"4593930,0000000";400;0;0;311181;4593930
"395";394;399;399;"310880,0000000";"4594340,0000000";401;0;0;310880;4594340
"396";395;400;400;"311156,0000000";"4594680,0000000";402;0;0;311156;4594680
"397";396;401;401;"311547,0000000";"4594930,0000000";403;0;0;311547;4594930
"398";397;402;402;"311775,0000000";"4595410,0000000";404;0;0;311775;4595410
"399";398;403;403;"312116,0000000";"4595770,0000000";405;0;0;312116;4595770
"400";399;404;404;"312512,0000000";"4596020,0000000";406;0;0;312512;4596020
"401";400;405;405;"312936,0000000";"4596180,0000000";407;0;0;312936;4596180
"402";401;406;406;"313304,0000000";"4596280,0000000";408;0;0;313304;4596280
"403";402;407;407;"313122,0000000";"4596230,0000000";409;0;0;313122;4596230
"404";403;408;408;"313508,0000000";"4596470,0000000";410;0;0;313508;4596470
"405";404;409;409;"313932,0000000";"4596620,0000000";411;0;0;313932;4596620
"406";405;410;410;"314315,0000000";"4596850,0000000";412;0;0;314315;4596850
"409";408;413;413;"315570,0000000";"4596670,0000000";415;0;0;315570;4596670
"410";409;414;414;"315999,0000000";"4596540,0000000";416;0;0;315999;4596540
"411";410;415;415;"316433,0000000";"4596450,0000000";417;0;0;316433;4596450
"412";411;416;416;"316868,0000000";"4596360,0000000";418;0;0;316868;4596360
"413";412;417;417;"317301,0000000";"4596430,0000000";419;0;0;317301;4596430
"414";413;418;418;"317732,0000000";"4596560,0000000";420;0;0;317732;4596560
"415";414;419;419;"318139,0000000";"4596420,0000000";421;0;0;318139;4596420
"416";415;420;420;"318539,0000000";"4596670,0000000";422;0;0;318539;4596670
"417";416;421;421;"318672,0000000";"4596740,0000000";423;0;0;318672;4596740
"419";418;423;423;"311171,0000000";"4598830,0000000";425;0;0;311171;4598830
"420";419;424;424;"311492,0000000";"4598440,0000000";426;0;0;311492;4598440
"421";420;425;425;"311841,0000000";"4598090,0000000";427;0;0;311841;4598090
"422";421;426;426;"312226,0000000";"4597810,0000000";428;0;0;312226;4597810
"423";422;427;427;"312635,0000000";"4597600,0000000";429;0;0;312635;4597600
"424";423;428;428;"313061,0000000";"4597460,0000000";430;0;0;313061;4597460
"425";424;429;429;"313497,0000000";"4597380,0000000";431;0;0;313497;4597380
"426";425;430;430;"313937,0000000";"4597370,0000000";432;0;0;313937;4597370
"427";426;431;431;"314377,0000000";"4597430,0000000";433;0;0;314377;4597430
"428";427;432;432;"314809,0000000";"4597540,0000000";434;0;0;314809;4597540
"429";428;433;433;"315229,0000000";"4597730,0000000";435;0;0;315229;4597730
"430";429;434;434;"315634,0000000";"4597970,0000000";436;0;0;315634;4597970
"432";431;436;436;"316495,0000000";"4598200,0000000";438;0;0;316495;4598200
"433";432;437;437;"316933,0000000";"4598160,0000000";439;0;0;316933;4598160
"434";433;438;438;"317368,0000000";"4598060,0000000";440;0;0;317368;4598060
"435";434;439;439;"317808,0000000";"4598040,0000000";441;0;0;317808;4598040
"436";435;440;440;"318247,0000000";"4598000,0000000";442;0;0;318247;4598000
"437";436;441;441;"318680,0000000";"4597900,0000000";443;0;0;318680;4597900
"438";437;442;442;"318301,0000000";"4601560,0000000";444;0;0;318301;4601560
"439";438;443;443;"317929,0000000";"4601310,0000000";445;0;0;317929;4601310
"440";439;444;444;"317578,0000000";"4600970,0000000";446;0;0;317578;4600970
"441";440;445;445;"317208,0000000";"4600660,0000000";447;0;0;317208;4600660
"442";441;446;446;"316817,0000000";"4600420,0000000";448;0;0;316817;4600420
"443";442;447;447;"316418,0000000";"4600160,0000000";449;0;0;316418;4600160
"444";443;448;448;"316063,0000000";"4599820,0000000";450;0;0;316063;4599820
"445";444;449;449;"315674,0000000";"4599570,0000000";451;0;0;315674;4599572
"446";445;450;450;"315288,0000000";"4599340,0000000";452;0;0;315288;4599340
"447";446;451;451;"315096,0000000";"4598850,0000000";453;0;0;315096;4598850
"448";447;452;452;"314838,0000000";"4598380,0000000";454;0;0;314838;4598380
"450";449;454;454;"314235,0000000";"4597530,0000000";456;0;0;314235;4597530
"451";450;455;455;"314016,0000000";"4597040,0000000";457;0;0;314016;4597040
"452";451;456;456;"313685,0000000";"4596800,0000000";458;0;0;313685;4596800
"453";452;457;457;"313472,0000000";"4596490,0000000";459;0;0;313472;4596490
"454";453;458;458;"312139,0000000";"4600380,0000000";460;0;0;312139;4600380
"455";454;459;459;"312467,0000000";"4600000,0000000";461;0;0;312467;4600000
"456";455;460;460;"312799,0000000";"4599620,0000000";462;0;0;312799;4599620
"457";456;461;461;"312983,0000000";"4599120,0000000";463;0;0;312983;4599120
"458";457;462;462;"313049,0000000";"4598550,0000000";464;0;0;313049;4598550
"459";458;463;463;"313161,0000000";"4597980,0000000";465;0;0;313161;4597980
"460";459;464;464;"313295,0000000";"4597430,0000000";466;0;0;313295;4597430
"461";460;465;465;"313291,0000000";"4597020,0000000";467;0;0;313291;4597020
"462";461;466;466;"313458,0000000";"4596680,0000000";468;0;0;313458;4596680
"463";462;467;467;"313478,0000000";"4596450,0000000";469;0;0;313478;4596450
"464";463;468;468;"303787,0000000";"4607400,0000000";470;0;0;303787;4607400
"465";464;469;469;"304085,0000000";"4606980,0000000";471;0;0;304085;4606980
"466";465;470;470;"304371,0000000";"4606540,0000000";472;0;0;304371;4606540
"467";466;471;471;"304580,0000000";"4606040,0000000";473;0;0;304580;4606040
"468";467;472;472;"304900,0000000";"4605660,0000000";474;0;0;304900;4605660
"469";468;473;473;"305296,0000000";"4605410,0000000";475;0;0;305296;4605410
"470";469;474;474;"305692,0000000";"4605160,0000000";476;0;0;305692;4605160
"471";470;475;475;"306087,0000000";"4604910,0000000";477;0;0;306087;4604910
"472";471;476;476;"306394,0000000";"4604500,0000000";478;0;0;306394;4604500
"473";472;477;477;"306722,0000000";"4604120,0000000";479;0;0;306722;4604120
"474";473;478;478;"307146,0000000";"4603980,0000000";480;0;0;307146;4603980
"475";474;479;479;"307498,0000000";"4603640,0000000";481;0;0;307498;4603640
"476";475;480;480;"307806,0000000";"4603230,0000000";482;0;0;307806;4603230
"477";476;481;481;"308200,0000000";"4602970,0000000";483;0;0;308200;4602970
"478";477;482;482;"308597,0000000";"4602730,0000000";484;0;0;308597;4602730
"479";478;483;483;"309013,0000000";"4602550,0000000";485;0;0;309013;4602550
"480";479;484;484;"309429,0000000";"4602360,0000000";486;0;0;309429;4602360
"481";480;485;485;"309846,0000000";"4602180,0000000";487;0;0;309846;4602180
"482";481;486;486;"310262,0000000";"4602000,0000000";488;0;0;310262;4602000
"483";482;487;487;"310678,0000000";"4601810,0000000";489;0;0;310678;4601810
"484";483;488;488;"311106,0000000";"4601680,0000000";490;0;0;311106;4601680
"485";484;489;489;"311449,0000000";"4601330,0000000";491;0;0;311449;4601330
"486";485;490;490;"311702,0000000";"4600850,0000000";492;0;0;311702;4600850
"487";486;491;491;"312031,0000000";"4600480,0000000";493;0;0;312031;4600480
"489";488;493;493;"315672,0000000";"4603680,0000000";495;0;0;315672;4603680
"490";489;494;494;"315277,0000000";"4603930,0000000";496;0;0;315277;4603930
"491";490;496;496;"314488,0000000";"4604440,0000000";498;0;0;314488;4604440
"492";491;497;497;"314093,0000000";"4604690,0000000";499;0;0;314093;4604690
"495";494;500;500;"312863,0000000";"4605300,0000000";502;0;0;312863;4605300
"496";495;501;501;"312450,0000000";"4605500,0000000";503;0;0;312450;4605500
"498";497;503;503;"311625,0000000";"4605890,0000000";505;0;0;311625;4605890
"500";499;505;505;"310800,0000000";"4606290,0000000";507;0;0;310800;4606290
"501";500;506;506;"310400,0000000";"4606520,0000000";508;0;0;310400;4606520
"502";501;507;507;"310162,0000000";"4606670,0000000";509;0;0;310162;4606670
"503";502;508;508;"312013,0000000";"4603490,0000000";510;0;0;312013;4603490
"504";503;509;509;"311694,0000000";"4603080,0000000";511;0;0;311694;4603080
"505";504;510;510;"311380,0000000";"4602700,0000000";512;0;0;311380;4602700
"506";505;511;511;"311078,0000000";"4602310,0000000";513;0;0;311078;4602310
"507";506;512;512;"311036,0000000";"4601700,0000000";514;0;0;311036;4601700
"509";508;514;514;"312214,0000000";"4603920,0000000";516;0;0;312214;4603920
"510";509;515;515;"312491,0000000";"4604300,0000000";517;0;0;312491;4604300
"511";510;516;516;"312890,0000000";"4604550,0000000";518;0;0;312890;4604550
"512";511;517;517;"313326,0000000";"4604630,0000000";519;0;0;313326;4604630
"513";512;518;518;"313758,0000000";"4604730,0000000";520;0;0;313758;4604730
"514";513;519;519;"310177,0000000";"4606660,0000000";522;0;0;310177;4606660
"516";515;521;521;"309365,0000000";"4607100,0000000";524;0;0;309365;4607100
"517";516;522;522;"308957,0000000";"4607310,0000000";525;0;0;308957;4607310
"518";517;523;523;"308550,0000000";"4607520,0000000";526;0;0;308550;4607520
"519";518;524;524;"308142,0000000";"4607740,0000000";527;0;0;308142;4607740
"520";519;525;525;"307734,0000000";"4607950,0000000";528;0;0;307734;4607950
"521";520;526;526;"307327,0000000";"4608160,0000000";529;0;0;307327;4608160
"522";521;527;527;"306919,0000000";"4608370,0000000";530;0;0;306919;4608370
"523";522;528;528;"306532,0000000";"4608630,0000000";531;0;0;306532;4608630
"524";523;529;529;"306114,0000000";"4608710,0000000";532;0;0;306114;4608710
"525";524;530;530;"301411,0000000";"4603440,0000000";533;0;0;301411;4603440
"526";525;531;531;"301092,0000000";"4603790,0000000";534;0;0;301092;4603790
"527";526;532;532;"300912,0000000";"4604320,0000000";535;0;0;300912;4604320
"528";527;533;533;"300727,0000000";"4604800,0000000";536;0;0;300727;4604800
"529";528;534;534;"300387,0000000";"4605130,0000000";537;0;0;300387;4605130
"530";529;535;535;"301947,0000000";"4606060,0000000";538;0;0;301947;4606060
"531";530;536;536;"301967,0000000";"4606640,0000000";539;0;0;301967;4606640
"532";531;537;537;"302095,0000000";"4607210,0000000";540;0;0;302095;4607210
"533";532;538;538;"302152,0000000";"4607790,0000000";541;0;0;302152;4607790
"534";533;539;539;"302162,0000000";"4608350,0000000";542;0;0;302162;4608350
"535";534;540;540;"301815,0000000";"4608680,0000000";543;0;0;301815;4608680
"536";535;541;541;"301714,0000000";"4608720,0000000";544;0;0;301714;4608720
"537";536;542;542;"301610,0000000";"4603630,0000000";545;0;0;301610;4603630
"538";537;543;543;"301714,0000000";"4604200,0000000";546;0;0;301714;4604200
"539";538;544;544;"301758,0000000";"4604780,0000000";547;0;0;301758;4604780
"540";539;545;545;"301818,0000000";"4605360,0000000";548;0;0;301818;4605360
"541";540;546;546;"301935,0000000";"4605930,0000000";549;0;0;301935;4605930
"544";543;549;549;"300761,0000000";"4605430,0000000";552;0;0;300761;4605430
"545";544;550;550;"301136,0000000";"4605760,0000000";553;0;0;301136;4605760
"547";546;552;552;"301512,0000000";"4606020,0000000";555;0;0;301512;4606020
"550";549;555;555;"302218,0000000";"4606480,0000000";558;0;0;302218;4606480
"551";550;556;556;"302632,0000000";"4606680,0000000";559;0;0;302632;4606680
"552";551;557;557;"303057,0000000";"4606830,0000000";560;0;0;303057;4606830
"553";552;558;558;"303442,0000000";"4607120,0000000";561;0;0;303442;4607120
"554";553;559;559;"303821,0000000";"4607430,0000000";562;0;0;303821;4607430
"555";554;560;560;"304176,0000000";"4607780,0000000";563;0;0;304176;4607780
"556";555;561;561;"304590,0000000";"4607980,0000000";564;0;0;304590;4607980
"557";556;562;562;"305022,0000000";"4608100,0000000";565;0;0;305022;4608100
"558";557;563;563;"305457,0000000";"4608190,0000000";566;0;0;305457;4608190
"559";558;564;564;"305849,0000000";"4608360,0000000";567;0;0;305849;4608360
"561";560;566;566;"302482,0000000";"4606640,0000000";569;0;0;302482;4606640
"562";561;567;567;"302662,0000000";"4607140,0000000";570;0;0;302662;4607140
"563";562;568;568;"302966,0000000";"4607560,0000000";571;0;0;302966;4607560
"564";563;569;569;"303117,0000000";"4607710,0000000";572;0;0;303117;4607710
"565";564;570;570;"305156,0000000";"4608130,0000000";573;0;0;305156;4608130
"566";565;571;571;"305589,0000000";"4608250,0000000";574;0;0;305589;4608250
"567";566;572;572;"306020,0000000";"4608380,0000000";575;0;0;306020;4608380
"568";567;573;573;"306445,0000000";"4608540,0000000";576;0;0;306445;4608540
"569";568;574;574;"306843,0000000";"4608790,0000000";577;0;0;306843;4608790
"570";569;575;575;"307182,0000000";"4609170,0000000";578;0;0;307182;4609170
"571";570;576;576;"307417,0000000";"4609670,0000000";579;0;0;307417;4609670
"572";571;577;577;"307736,0000000";"4610050,0000000";580;0;0;307736;4610050
"573";572;578;578;"308171,0000000";"4610120,0000000";581;0;0;308171;4610120
"574";573;579;579;"308354,0000000";"4610550,0000000";582;0;0;308354;4610550
"576";575;581;581;"306159,0000000";"4609240,0000000";584;0;0;306159;4609240
"577";576;582;582;"305876,0000000";"4609670,0000000";585;0;0;305876;4609670
"578";577;583;583;"305496,0000000";"4609950,0000000";586;0;0;305496;4609950
"579";578;584;584;"305451,0000000";"4610020,0000000";587;0;0;305451;4610020
"580";579;585;585;"313119,0000000";"4619900,0000000";588;0;0;313119;4619900
"581";580;586;586;"305346,0000000";"4610490,0000000";589;0;0;305346;4610490
"582";581;587;587;"305247,0000000";"4611050,0000000";590;0;0;305247;4611050
"583";582;588;588;"305524,0000000";"4611500,0000000";591;0;0;305524;4611500
"584";583;589;589;"305884,0000000";"4611840,0000000";592;0;0;305884;4611840
"585";584;590;590;"306217,0000000";"4612230,0000000";593;0;0;306217;4612230
"586";585;591;591;"306532,0000000";"4612640,0000000";594;0;0;306532;4612640
"587";586;592;592;"306888,0000000";"4613000,0000000";595;0;0;306888;4613000
"588";587;593;593;"307243,0000000";"4613350,0000000";596;0;0;307243;4613350
"589";588;594;594;"307598,0000000";"4613700,0000000";597;0;0;307598;4613700
"590";589;595;595;"307906,0000000";"4614130,0000000";598;0;0;307906;4614130
"591";590;596;596;"308201,0000000";"4614570,0000000";599;0;0;308201;4614570
"592";591;597;597;"308454,0000000";"4615040,0000000";600;0;0;308454;4615040
"594";593;599;599;"309195,0000000";"4615690,0000000";602;0;0;309195;4615690
"595";594;600;600;"309563,0000000";"4616020,0000000";603;0;0;309563;4616020
"596";595;601;601;"309891,0000000";"4616400,0000000";604;0;0;309891;4616400
"597";596;602;602;"310308,0000000";"4616580,0000000";605;0;0;310308;4616580
"598";597;603;603;"310728,0000000";"4616760,0000000";606;0;0;310728;4616760
"599";598;604;604;"311091,0000000";"4617100,0000000";607;0;0;311091;4617100
"600";599;605;605;"311348,0000000";"4617580,0000000";608;0;0;311348;4617580
"603";602;608;608;"312468,0000000";"4618490,0000000";611;0;0;312468;4618490
"604";603;609;609;"312810,0000000";"4618870,0000000";612;0;0;312810;4618870
"605";604;610;610;"310080,0000000";"4610750,0000000";615;0;0;310080;4610750
"606";605;611;611;"309647,0000000";"4610670,0000000";616;0;0;309647;4610670
"607";606;612;612;"309207,0000000";"4610650,0000000";617;0;0;309207;4610650
"608";607;613;613;"308768,0000000";"4610600,0000000";618;0;0;308768;4610600
"609";608;614;614;"308334,0000000";"4610560,0000000";619;0;0;308334;4610560
"610";609;615;615;"307896,0000000";"4610520,0000000";620;0;0;307896;4610520
"611";610;616;616;"307463,0000000";"4610410,0000000";621;0;0;307463;4610410
"612";611;617;617;"307034,0000000";"4610270,0000000";622;0;0;307034;4610270
"613";612;618;618;"306601,0000000";"4610220,0000000";623;0;0;306601;4610220
"615";614;620;620;"305723,0000000";"4610180,0000000";625;0;0;305723;4610180
"617";616;622;622;"311430,0000000";"4609650,0000000";627;0;0;311430;4609650
"618";617;623;623;"311105,0000000";"4610030,0000000";628;0;0;311105;4610030
"619";618;624;624;"310712,0000000";"4610280,0000000";629;0;0;310712;4610280
"620";619;625;625;"310312,0000000";"4610510,0000000";630;0;0;310312;4610510
"622";621;627;627;"312455,0000000";"4611100,0000000";632;0;0;312455;4611100
"623";622;628;628;"312044,0000000";"4610930,0000000";633;0;0;312044;4610930
"625";624;630;630;"311164,0000000";"4610930,0000000";635;0;0;311164;4610930
"626";625;631;631;"310725,0000000";"4610930,0000000";636;0;0;310725;4610930
"627";626;632;632;"310290,0000000";"4610830,0000000";637;0;0;310290;4610830
"629";628;634;634;"312355,0000000";"4611000,0000000";639;0;0;312355;4611000
"630";629;635;635;"312795,0000000";"4611020,0000000";640;0;0;312795;4611020
"631";630;636;636;"313233,0000000";"4610980,0000000";641;0;0;313233;4610980
"632";631;637;637;"313672,0000000";"4610950,0000000";642;0;0;313672;4610950
"633";632;638;638;"314112,0000000";"4610950,0000000";643;0;0;314112;4610950
"634";633;639;639;"314551,0000000";"4610990,0000000";644;0;0;314551;4610990
"635";634;640;640;"314984,0000000";"4610940,0000000";645;0;0;314984;4610940
"636";635;641;641;"315395,0000000";"4611100,0000000";646;0;0;315395;4611100
"637";636;642;642;"315805,0000000";"4610960,0000000";647;0;0;315805;4610960
"638";637;643;643;"316202,0000000";"4610740,0000000";648;0;0;316202;4610740
"639";638;644;644;"316642,0000000";"4610730,0000000";649;0;0;316642;4610730
"640";639;645;645;"317082,0000000";"4610720,0000000";650;0;0;317082;4610720
"641";640;646;646;"317518,0000000";"4610800,0000000";651;0;0;317518;4610800
"642";641;647;647;"317954,0000000";"4610880,0000000";652;0;0;317954;4610880
"643";642;648;648;"318388,0000000";"4610960,0000000";653;0;0;318388;4610960
"644";643;649;649;"318774,0000000";"4610910,0000000";654;0;0;318774;4610910
"645";644;650;650;"318092,0000000";"4615810,0000000";655;0;0;318092;4615810
"646";645;651;651;"317994,0000000";"4615240,0000000";656;0;0;317994;4615240
"647";646;652;652;"317706,0000000";"4614800,0000000";657;0;0;317706;4614800
"648";647;653;653;"317508,0000000";"4614310,0000000";658;0;0;317508;4614310
"649";648;654;654;"317255,0000000";"4613830,0000000";659;0;0;317255;4613830
"652";651;657;657;"316358,0000000";"4612530,0000000";662;0;0;316358;4612530
"653";652;658;658;"316150,0000000";"4612030,0000000";663;0;0;316150;4612030
"654";653;659;659;"315815,0000000";"4611660,0000000";664;0;0;315815;4611660
"655";654;660;660;"315622,0000000";"4611100,0000000";665;0;0;315622;4611100
"656";655;661;661;"315924,0000000";"4611800,0000000";666;0;0;315924;4611800
"657";656;662;662;"316340,0000000";"4611620,0000000";667;0;0;316340;4611620
"658";657;663;663;"316773,0000000";"4611520,0000000";668;0;0;316773;4611520
"659";658;664;664;"317213,0000000";"4611530,0000000";669;0;0;317213;4611530
"660";659;665;665;"317651,0000000";"4611590,0000000";670;0;0;317651;4611590
"661";660;666;666;"318090,0000000";"4611620,0000000";671;0;0;318090;4611620
"662";661;667;667;"318530,0000000";"4611610,0000000";672;0;0;318530;4611610
"663";662;668;668;"318777,0000000";"4611610,0000000";673;0;0;318777;4611610
"664";663;669;669;"313355,0000000";"4611550,0000000";674;0;0;313355;4611550
"665";664;670;670;"313746,0000000";"4611820,0000000";675;0;0;313746;4611820
"666";665;671;671;"314161,0000000";"4612020,0000000";676;0;0;314161;4612020
"667";666;672;672;"314597,0000000";"4612110,0000000";677;0;0;314597;4612110
"668";667;673;673;"315036,0000000";"4612090,0000000";678;0;0;315036;4612090
"669";668;674;674;"315467,0000000";"4611990,0000000";679;0;0;315467;4611990
"670";669;675;675;"315886,0000000";"4611820,0000000";680;0;0;315886;4611820
"671";670;676;676;"315941,0000000";"4611790,0000000";681;0;0;315941;4611790
"672";671;677;677;"310934,0000000";"4611520,0000000";682;0;0;310934;4611520
"673";672;678;678;"311374,0000000";"4611510,0000000";683;0;0;311374;4611510
"674";673;679;679;"311812,0000000";"4611470,0000000";684;0;0;311812;4611470
"675";674;680;680;"312248,0000000";"4611400,0000000";685;0;0;312248;4611400
"676";675;681;681;"312646,0000000";"4611330,0000000";686;0;0;312646;4611330
"677";676;682;682;"309303,0000000";"4611300,0000000";687;0;0;309303;4611300
"678";677;683;683;"309734,0000000";"4611420,0000000";688;0;0;309734;4611420
"679";678;684;684;"310173,0000000";"4611460,0000000";689;0;0;310173;4611460
"680";679;685;685;"310613,0000000";"4611500,0000000";690;0;0;310613;4611500
"683";682;688;688;"306804,0000000";"4612220,0000000";693;0;0;306804;4612220
"684";683;689;689;"307213,0000000";"4612010,0000000";694;0;0;307213;4612010
"685";684;690;690;"307614,0000000";"4611780,0000000";695;0;0;307614;4611780
"686";685;691;691;"307986,0000000";"4611470,0000000";696;0;0;307986;4611470
"687";686;692;692;"308384,0000000";"4611250,0000000";697;0;0;308384;4611250
"688";687;693;693;"300816,0000000";"4615080,0000000";698;0;0;300816;4615080
"690";689;695;695;"301692,0000000";"4615200,0000000";700;0;0;301692;4615200
"692";691;697;697;"302572,0000000";"4615210,0000000";702;0;0;302572;4615210
"693";692;698;698;"303010,0000000";"4615170,0000000";703;0;0;303010;4615170
"694";693;699;699;"303447,0000000";"4615110,0000000";704;0;0;303447;4615110
"695";694;700;700;"303881,0000000";"4615030,0000000";705;0;0;303881;4615030
"696";695;701;701;"304305,0000000";"4614880,0000000";706;0;0;304305;4614880
"697";696;702;702;"304676,0000000";"4614580,0000000";707;0;0;304676;4614580
"698";697;703;703;"305050,0000000";"4614290,0000000";708;0;0;305050;4614290
"699";698;704;704;"305468,0000000";"4614110,0000000";709;0;0;305468;4614110
"700";699;705;705;"305844,0000000";"4613820,0000000";710;0;0;305844;4613820
"701";700;706;706;"306101,0000000";"4613360,0000000";711;0;0;306101;4613360
"702";701;707;707;"306272,0000000";"4612820,0000000";712;0;0;306272;4612820
"705";704;710;710;"297652,0000000";"4613740,0000000";715;0;0;297652;4613740
"706";705;711;711;"298033,0000000";"4614040,0000000";716;0;0;298033;4614040
"707";706;712;712;"298397,0000000";"4614370,0000000";717;0;0;298397;4614370
"708";707;713;713;"298799,0000000";"4614620,0000000";718;0;0;298799;4614620
"709";708;714;714;"299220,0000000";"4614800,0000000";719;0;0;299220;4614800
"710";709;715;715;"299652,0000000";"4614910,0000000";720;0;0;299652;4614910
"712";711;717;717;"300528,0000000";"4615040,0000000";722;0;0;300528;4615040
"713";712;718;718;"300815,0000000";"4615080,0000000";723;0;0;300815;4615080
"714";713;719;719;"312749,0000000";"4619550,0000000";724;0;0;312749;4619550
"715";714;720;720;"312473,0000000";"4619090,0000000";725;0;0;312473;4619090
"716";715;721;721;"312185,0000000";"4618650,0000000";726;0;0;312185;4618650
"717";716;722;722;"311791,0000000";"4618390,0000000";727;0;0;311791;4618390
"718";717;723;723;"309957,0000000";"4616580,0000000";729;0;0;309957;4616580
"719";718;724;724;"310279,0000000";"4616990,0000000";730;0;0;310279;4616990
"720";719;725;725;"310610,0000000";"4617380,0000000";731;0;0;310610;4617380
"721";720;726;726;"310960,0000000";"4617740,0000000";732;0;0;310960;4617740
"722";721;727;727;"311376,0000000";"4618050,0000000";733;0;0;311376;4618050
"723";722;728;728;"313180,0000000";"4619960,0000000";734;0;0;313180;4619960
"724";723;729;729;"313540,0000000";"4620300,0000000";735;0;0;313540;4620300
"725";724;730;730;"313900,0000000";"4620650,0000000";736;0;0;313900;4620650
"726";725;731;731;"314260,0000000";"4620990,0000000";737;0;0;314260;4620990
"727";726;732;732;"314587,0000000";"4621390,0000000";738;0;0;314587;4621390
"728";727;733;733;"314895,0000000";"4621810,0000000";739;0;0;314895;4621810
"729";728;734;734;"315202,0000000";"4622240,0000000";740;0;0;315202;4622240
"730";729;735;735;"315509,0000000";"4622660,0000000";741;0;0;315509;4622660
"731";730;736;736;"315823,0000000";"4623080,0000000";742;0;0;315823;4623080
"732";731;737;737;"316227,0000000";"4623310,0000000";743;0;0;316227;4623310
"733";732;738;738;"316636,0000000";"4623540,0000000";744;0;0;316636;4623540
"734";733;739;739;"317045,0000000";"4623760,0000000";745;0;0;317045;4623760
"735";734;740;740;"317345,0000000";"4624180,0000000";746;0;0;317345;4624180
"736";735;741;741;"317597,0000000";"4624660,0000000";747;0;0;317597;4624660
"737";736;742;742;"317849,0000000";"4625150,0000000";748;0;0;317849;4625150
"738";737;743;743;"318101,0000000";"4625630,0000000";749;0;0;318101;4625630
"739";738;744;744;"318353,0000000";"4626120,0000000";750;0;0;318353;4626120
"740";739;745;745;"318604,0000000";"4626600,0000000";751;0;0;318604;4626600
"741";740;746;746;"318856,0000000";"4627090,0000000";752;0;0;318856;4627090
"742";741;747;747;"318890,0000000";"4627150,0000000";753;0;0;318890;4627150
"743";742;748;748;"303608,0000000";"4611800,0000000";754;0;0;303608;4611800
"744";743;749;749;"303919,0000000";"4612210,0000000";755;0;0;303919;4612210
"745";744;750;750;"304265,0000000";"4612560,0000000";756;0;0;304265;4612560
"746";745;751;751;"304501,0000000";"4613050,0000000";757;0;0;304501;4613050
"747";746;752;752;"304728,0000000";"4613560,0000000";758;0;0;304728;4613560
"748";747;753;753;"304924,0000000";"4614090,0000000";759;0;0;304924;4614090
"749";748;754;754;"305203,0000000";"4614530,0000000";760;0;0;305203;4614530
"750";749;755;755;"305480,0000000";"4614980,0000000";761;0;0;305480;4614980
"751";750;756;756;"305761,0000000";"4615430,0000000";762;0;0;305761;4615430
"752";751;757;757;"306004,0000000";"4615920,0000000";763;0;0;306004;4615920
"753";752;758;758;"306335,0000000";"4616310,0000000";764;0;0;306335;4616310
"754";753;759;759;"306680,0000000";"4616680,0000000";765;0;0;306680;4616680
"755";754;760;760;"307058,0000000";"4616990,0000000";766;0;0;307058;4616990
"756";755;761;761;"307493,0000000";"4617060,0000000";767;0;0;307493;4617060
"757";756;762;762;"307931,0000000";"4617110,0000000";768;0;0;307931;4617110
"758";757;763;763;"308352,0000000";"4617280,0000000";769;0;0;308352;4617280
"759";758;764;764;"308727,0000000";"4617590,0000000";770;0;0;308727;4617590
"760";759;765;765;"309075,0000000";"4617960,0000000";771;0;0;309075;4617960
"761";760;766;766;"309266,0000000";"4618480,0000000";772;0;0;309266;4618480
"762";761;767;767;"309338,0000000";"4619050,0000000";773;0;0;309338;4619050
"763";762;768;768;"309588,0000000";"4619540,0000000";774;0;0;309588;4619540
"764";763;769;769;"309919,0000000";"4619930,0000000";775;0;0;309919;4619930
"765";764;770;770;"310259,0000000";"4620310,0000000";776;0;0;310259;4620310
"766";765;771;771;"310599,0000000";"4620690,0000000";777;0;0;310599;4620690
"767";766;772;772;"310931,0000000";"4621080,0000000";778;0;0;310931;4621080
"768";767;773;773;"311149,0000000";"4621590,0000000";779;0;0;311149;4621590
"769";768;774;774;"311466,0000000";"4622000,0000000";780;0;0;311466;4622000
"770";769;775;775;"311660,0000000";"4622520,0000000";781;0;0;311660;4622520
"771";770;776;776;"312002,0000000";"4622850,0000000";782;0;0;312002;4622850
"772";771;777;777;"312430,0000000";"4623000,0000000";783;0;0;312430;4623000
"773";772;778;778;"312866,0000000";"4623070,0000000";784;0;0;312866;4623070
"774";773;779;779;"313267,0000000";"4623310,0000000";785;0;0;313267;4623310
"775";774;780;780;"313630,0000000";"4623650,0000000";786;0;0;313630;4623650
"776";775;781;781;"313958,0000000";"4624040,0000000";787;0;0;313958;4624040
"777";776;782;782;"314206,0000000";"4624520,0000000";788;0;0;314206;4624520
"778";777;783;783;"314547,0000000";"4624890,0000000";789;0;0;314547;4624890
"779";778;784;784;"314851,0000000";"4625310,0000000";790;0;0;314851;4625310
"780";779;785;785;"314958,0000000";"4625430,0000000";791;0;0;314958;4625430
"782";781;787;787;"315277,0000000";"4625830,0000000";793;0;0;315277;4625830
"783";782;788;788;"315676,0000000";"4626080,0000000";794;0;0;315676;4626080
"784";783;789;789;"316053,0000000";"4626380,0000000";795;0;0;316053;4626380
"785";784;790;790;"316363,0000000";"4626810,0000000";796;0;0;316363;4626810
"786";785;791;791;"316567,0000000";"4627300,0000000";797;0;0;316567;4627300
"787";786;792;792;"316524,0000000";"4627480,0000000";798;0;0;316524;4627480
"788";787;793;793;"305153,0000000";"4624680,0000000";799;0;0;305153;4624680
"789";788;794;794;"305555,0000000";"4624460,0000000";800;0;0;305555;4624460
"790";789;795;795;"305859,0000000";"4624090,0000000";801;0;0;305859;4624090
"791";790;796;796;"306196,0000000";"4623740,0000000";802;0;0;306196;4623740
"792";791;797;797;"306507,0000000";"4623360,0000000";803;0;0;306507;4623360
"793";792;798;798;"306924,0000000";"4623280,0000000";804;0;0;306924;4623280
"794";793;799;799;"307362,0000000";"4623280,0000000";805;0;0;307362;4623280
"795";794;800;800;"307797,0000000";"4623370,0000000";806;0;0;307797;4623370
"796";795;801;801;"308236,0000000";"4623380,0000000";807;0;0;308236;4623380
"797";796;802;802;"308676,0000000";"4623370,0000000";808;0;0;308676;4623370
"798";797;803;803;"309114,0000000";"4623340,0000000";809;0;0;309114;4623340
"799";798;804;804;"309543,0000000";"4623230,0000000";810;0;0;309543;4623230
"800";799;805;805;"309973,0000000";"4623120,0000000";811;0;0;309973;4623120
"801";800;806;806;"310402,0000000";"4623000,0000000";812;0;0;310402;4623000
"802";801;807;807;"310832,0000000";"4622890,0000000";813;0;0;310832;4622890
"803";802;808;808;"311241,0000000";"4622700,0000000";814;0;0;311241;4622700
"804";803;809;809;"311539,0000000";"4622290,0000000";815;0;0;311539;4622290
"805";804;810;810;"311836,0000000";"4621870,0000000";816;0;0;311836;4621870
"806";805;811;811;"303371,0000000";"4619510,0000000";818;0;0;303371;4619510
"807";806;812;812;"303471,0000000";"4620080,0000000";819;0;0;303471;4620080
"808";807;813;813;"303615,0000000";"4620640,0000000";820;0;0;303615;4620640
"809";808;814;814;"303656,0000000";"4621220,0000000";821;0;0;303656;4621220
"810";809;815;815;"303722,0000000";"4621800,0000000";822;0;0;303722;4621800
"811";810;816;816;"303758,0000000";"4622360,0000000";823;0;0;303758;4622360
"812";811;817;817;"303767,0000000";"4622890,0000000";824;0;0;303767;4622890
"813";812;818;818;"303146,0000000";"4619090,0000000";825;0;0;303146;4619090
"814";813;820;820;"303132,0000000";"4618260,0000000";827;0;0;303132;4618260
"815";814;821;821;"302595,0000000";"4615810,0000000";829;0;0;302595;4615810
"816";815;822;822;"302677,0000000";"4616380,0000000";830;0;0;302677;4616380
"817";816;823;823;"302833,0000000";"4616920,0000000";831;0;0;302833;4616920
"818";817;824;824;"302951,0000000";"4617480,0000000";832;0;0;302951;4617480
"819";818;825;825;"303028,0000000";"4618060,0000000";833;0;0;303028;4618060
"820";819;826;826;"302743,0000000";"4614900,0000000";834;0;0;302743;4614900
"821";820;827;827;"302854,0000000";"4614370,0000000";835;0;0;302854;4614370
"822";821;828;828;"303052,0000000";"4613880,0000000";836;0;0;303052;4613880
"823";822;829;829;"303060,0000000";"4613290,0000000";837;0;0;303060;4613290
"824";823;830;830;"303097,0000000";"4612730,0000000";838;0;0;303097;4612730
"825";824;831;831;"303158,0000000";"4612230,0000000";839;0;0;303158;4612230
"826";825;832;832;"303048,0000000";"4611670,0000000";840;0;0;303048;4611670
"827";826;833;833;"302739,0000000";"4611250,0000000";841;0;0;302739;4611250
"828";827;834;834;"303988,0000000";"4623130,0000000";844;0;0;303988;4623130
"829";828;835;835;"304235,0000000";"4623620,0000000";845;0;0;304235;4623620
"830";829;836;836;"304536,0000000";"4624050,0000000";846;0;0;304536;4624050
"831";830;837;837;"304873,0000000";"4624420,0000000";847;0;0;304873;4624420
"833";832;839;839;"300253,0000000";"4618150,0000000";849;0;0;300253;4618150
"834";833;840;840;"300125,0000000";"4618700,0000000";850;0;0;300125;4618700
"835";834;841;841;"299958,0000000";"4619240,0000000";851;0;0;299958;4619240
"836";835;842;842;"299894,0000000";"4619820,0000000";852;0;0;299894;4619820
"837";836;843;843;"299903,0000000";"4620400,0000000";853;0;0;299903;4620400
"838";837;844;844;"299899,0000000";"4620990,0000000";854;0;0;299899;4620990
"839";838;845;845;"299868,0000000";"4621570,0000000";855;0;0;299868;4621570
"840";839;846;846;"299711,0000000";"4622100,0000000";856;0;0;299711;4622100
"841";840;847;847;"299648,0000000";"4622680,0000000";857;0;0;299648;4622680
"842";841;848;848;"299614,0000000";"4623250,0000000";858;0;0;299614;4623250
"843";842;849;849;"299420,0000000";"4623760,0000000";859;0;0;299420;4623760
"844";843;850;850;"299260,0000000";"4624290,0000000";860;0;0;299260;4624290
"845";844;851;851;"299325,0000000";"4624860,0000000";861;0;0;299325;4624860
"846";845;852;852;"299268,0000000";"4625440,0000000";862;0;0;299268;4625440
"847";846;853;853;"299188,0000000";"4626010,0000000";863;0;0;299188;4626010
"848";847;854;854;"299163,0000000";"4626580,0000000";864;0;0;299163;4626580
"849";848;855;855;"299231,0000000";"4627150,0000000";865;0;0;299231;4627150
"850";849;856;856;"299320,0000000";"4627600,0000000";866;0;0;299320;4627600
"854";853;860;860;"300926,0000000";"4614470,0000000";870;0;0;300926;4614470
"855";854;861;861;"300798,0000000";"4615590,0000000";872;0;0;300798;4615590
"856";855;862;862;"300590,0000000";"4616100,0000000";873;0;0;300590;4616100
"857";856;863;863;"300428,0000000";"4616630,0000000";874;0;0;300428;4616630
"858";857;864;864;"300403,0000000";"4617210,0000000";875;0;0;300403;4617210
"859";858;865;865;"300322,0000000";"4617790,0000000";876;0;0;300322;4617790
"861";860;867;867;"302653,0000000";"4619150,0000000";878;0;0;302653;4619150
"862";861;868;868;"302394,0000000";"4619620,0000000";879;0;0;302394;4619620
"863";862;869;869;"302308,0000000";"4620140,0000000";880;0;0;302308;4620140
"864";863;870;870;"302135,0000000";"4620380,0000000";881;0;0;302135;4620380
"865";864;871;871;"287559,0000000";"4623480,0000000";882;0;0;287559;4623480
"866";865;872;872;"287903,0000000";"4623850,0000000";883;0;0;287903;4623850
"867";866;873;873;"288277,0000000";"4624170,0000000";884;0;0;288277;4624170
"868";867;874;874;"288652,0000000";"4624480,0000000";885;0;0;288652;4624480
"869";868;875;875;"289027,0000000";"4624800,0000000";886;0;0;289027;4624800
"870";869;876;876;"289402,0000000";"4625110,0000000";887;0;0;289402;4625110
"871";870;877;877;"289777,0000000";"4625420,0000000";888;0;0;289777;4625420
"872";871;878;878;"290152,0000000";"4625740,0000000";889;0;0;290152;4625740
"873";872;879;879;"290527,0000000";"4626050,0000000";890;0;0;290527;4626050
"874";873;880;880;"290902,0000000";"4626370,0000000";891;0;0;290902;4626370
"875";874;881;881;"291277,0000000";"4626680,0000000";892;0;0;291277;4626680
"876";875;882;882;"291651,0000000";"4627000,0000000";893;0;0;291651;4627000
"877";876;883;883;"292026,0000000";"4627310,0000000";894;0;0;292026;4627310
"878";877;884;884;"292401,0000000";"4627620,0000000";895;0;0;292401;4627620
"879";878;885;885;"292440,0000000";"4627660,0000000";896;0;0;292440;4627660
"880";879;886;886;"288014,0000000";"4621660,0000000";897;0;0;288014;4621660
"881";880;887;887;"288097,0000000";"4622230,0000000";898;0;0;288097;4622230
"882";881;888;888;"288162,0000000";"4622790,0000000";899;0;0;288162;4622790
"883";882;889;889;"287878,0000000";"4623220,0000000";900;0;0;287878;4623220
"884";883;890;890;"287504,0000000";"4623520,0000000";901;0;0;287504;4623520
"885";884;891;891;"287095,0000000";"4623720,0000000";902;0;0;287095;4623720
"886";885;892;892;"286667,0000000";"4623840,0000000";903;0;0;286667;4623840
"887";886;893;893;"286255,0000000";"4624030,0000000";904;0;0;286255;4624030
"888";887;894;894;"286089,0000000";"4624160,0000000";905;0;0;286089;4624160
"889";888;895;895;"318515,0000000";"4601080,0000000";906;0;0;318515;4601080
"890";889;896;896;"294132,0000000";"4615190,0000000";907;0;0;294132;4615190
"891";890;897;897;"293891,0000000";"4615670,0000000";908;0;0;293891;4615670
"892";891;898;898;"293475,0000000";"4615790,0000000";909;0;0;293475;4615790
"893";892;899;899;"293051,0000000";"4615930,0000000";910;0;0;293051;4615930
"894";893;900;900;"292654,0000000";"4616170,0000000";911;0;0;292654;4616170
"895";894;901;901;"292265,0000000";"4616430,0000000";912;0;0;292265;4616430
"896";895;902;902;"291982,0000000";"4616880,0000000";913;0;0;291982;4616880
"897";896;903;903;"291708,0000000";"4617330,0000000";914;0;0;291708;4617330
"898";897;904;904;"291435,0000000";"4617780,0000000";915;0;0;291435;4617780
"899";898;905;905;"291121,0000000";"4618180,0000000";916;0;0;291121;4618180
"900";899;906;906;"290781,0000000";"4618540,0000000";917;0;0;290781;4618540
"901";900;907;907;"290442,0000000";"4618910,0000000";918;0;0;290442;4618910
"902";901;908;908;"290102,0000000";"4619270,0000000";919;0;0;290102;4619270
"903";902;909;909;"289763,0000000";"4619640,0000000";920;0;0;289763;4619640
"904";903;910;910;"289424,0000000";"4620000,0000000";921;0;0;289424;4620000
"905";904;911;911;"289084,0000000";"4620370,0000000";922;0;0;289084;4620370
"906";905;912;912;"288745,0000000";"4620730,0000000";923;0;0;288745;4620730
"907";906;913;913;"288401,0000000";"4621090,0000000";924;0;0;288401;4621090
"908";907;914;914;"288075,0000000";"4621470,0000000";925;0;0;288075;4621470
"909";908;915;915;"287373,0000000";"4622480,0000000";927;0;0;287373;4622480
"910";909;916;916;"287057,0000000";"4622880,0000000";928;0;0;287057;4622880
"911";910;917;917;"286741,0000000";"4623280,0000000";929;0;0;286741;4623280
"913";912;919;919;"286104,0000000";"4624070,0000000";931;0;0;286104;4624070
"914";913;920;920;"286069,0000000";"4624170,0000000";932;0;0;286069;4624170
"915";914;921;921;"285742,0000000";"4624540,0000000";933;0;0;285742;4624540
"916";915;922;922;"285425,0000000";"4624940,0000000";934;0;0;285425;4624940
"917";916;923;923;"285110,0000000";"4625340,0000000";935;0;0;285110;4625340
"918";917;924;924;"284793,0000000";"4625740,0000000";936;0;0;284793;4625740
"919";918;925;925;"284476,0000000";"4626140,0000000";937;0;0;284476;4626140
"932";931;939;939;"292091,0000000";"4616480,0000000";951;0;0;292091;4616480
"934";933;941;941;"291432,0000000";"4617230,0000000";953;0;0;291432;4617230
"936";935;943;943;"290938,0000000";"4618180,0000000";955;0;0;290938;4618180
"941";940;948;948;"289139,0000000";"4619810,0000000";960;0;0;289139;4619810
"942";941;949;949;"288822,0000000";"4620020,0000000";961;0;0;288822;4620020
"946";945;953;953;"287432,0000000";"4620940,0000000";965;0;0;287432;4620940
"948";947;955;955;"287037,0000000";"4621190,0000000";967;0;0;287037;4621190
"952";951;959;959;"285563,0000000";"4622350,0000000";971;0;0;285563;4622350
"953";952;960;960;"285392,0000000";"4622890,0000000";972;0;0;285392;4622890
"955";954;962;962;"285213,0000000";"4623780,0000000";974;0;0;285213;4623780
"956";955;963;963;"285082,0000000";"4624080,0000000";975;0;0;285082;4624080
"958";957;965;965;"284477,0000000";"4624920,0000000";977;0;0;284477;4624920
"961";960;968;968;"283738,0000000";"4626040,0000000";980;0;0;283738;4626040
"962";961;969;969;"318714,0000000";"4602610,0000000";985;0;0;318714;4602610
"963";962;971;971;"318093,0000000";"4602270,0000000";991;0;0;318093;4602270
"964";963;972;972;"317678,0000000";"4602500,0000000";994;0;0;317678;4602500
"965";964;973;973;"317250,0000000";"4602690,0000000";997;0;0;317250;4602690
"966";965;974;974;"316837,0000000";"4602930,0000000";999;0;0;316837;4602930
"967";966;975;975;"288023,0000000";"4621610,0000000";1000;0;0;288023;4621610
"968";967;976;976;"287668,0000000";"4622080,0000000";1002;0;0;287668;4622080
"970";969;978;978;"312934,0000000";"4619720,0000000";1004;0;0;312934;4619720
"971";970;979;979;"301838,0000000";"4602720,0000000";1005;0;0;301838;4602720
"972";971;980;980;"303129,0000000";"4619190,0000000";1006;0;0;303129;4619190
"973";972;981;981;"303119,0000000";"4619040,0000000";1008;0;0;303119;4619040
"974";973;982;982;"303304,0000000";"4618570,0000000";1009;0;0;303304;4618570
"975";974;983;983;"303035,0000000";"4618090,0000000";1010;0;0;303035;4618090
"977";976;985;985;"302621,0000000";"4615240,0000000";1012;0;0;302621;4615240
"978";977;986;986;"318347,0000000";"4601200,0000000";1013;0;0;318347;4601200
"979";978;987;987;"302710,0000000";"4611130,0000000";1014;0;0;302710;4611130
"980";979;988;988;"306449,0000000";"4612540,0000000";1016;0;0;306449;4612540
"981";980;989;989;"290716,0000000";"4601990,0000000";1017;0;0;290716;4601990
"982";981;990;990;"292577,0000000";"4601680,0000000";1019;0;0;292577;4601680
"983";982;991;991;"297762,0000000";"4602120,0000000";1020;0;0;297762;4602120
"984";983;992;992;"297718,0000000";"4600630,0000000";1023;0;0;297718;4600630
"985";984;993;993;"302129,0000000";"4602160,0000000";1024;0;0;302129;4602160
"986";985;994;994;"307580,0000000";"4601560,0000000";1025;0;0;307580;4601560
"987";986;995;995;"314186,0000000";"4597390,0000000";1026;0;0;314186;4597390
"988";987;996;996;"313305,0000000";"4597410,0000000";1027;0;0;313305;4597410
"989";988;997;997;"305014,0000000";"4614300,0000000";1028;0;0;305014;4614300
"990";989;998;998;"281819,0000000";"4595120,0000000";1029;0;0;281819;4595120
"991";990;999;999;"283512,0000000";"4593150,0000000";1030;0;0;283512;4593150
"992";991;1000;1000;"301690,0000000";"4612590,0000000";1031;0;0;301690;4612590
"993";992;1001;1001;"314057,0000000";"4604710,0000000";1032;0;0;314057;4604710
"994";993;1002;1002;"306580,0000000";"4608610,0000000";1034;0;0;306580;4608610
"995";994;1003;1003;"311580,0000000";"4622250,0000000";1035;0;0;311580;4622250
"996";995;1004;1004;"312679,0000000";"4611290,0000000";7060;0;0;312679;4611290
"997";996;1005;1005;"317940,0000000";"4602370,0000000";0;0;0;317940;4602370
"998";997;1006;1006;"306616,0000000";"4608700,0000000";0;0;0;306616;4608700
"1000";999;1008;1008;"316432,0000000";"4603190,0000000";0;0;0;316432;4603190
